-- phpMyAdmin SQL Dump
-- version 4.1.14
-- http://www.phpmyadmin.net
--
-- Machine: 127.0.0.1
-- Gegenereerd op: 18 okt 2016 om 12:09
-- Serverversie: 5.6.17
-- PHP-versie: 5.5.12

SET SQL_MODE = "NO_AUTO_VALUE_ON_ZERO";
SET time_zone = "+00:00";


/*!40101 SET @OLD_CHARACTER_SET_CLIENT=@@CHARACTER_SET_CLIENT */;
/*!40101 SET @OLD_CHARACTER_SET_RESULTS=@@CHARACTER_SET_RESULTS */;
/*!40101 SET @OLD_COLLATION_CONNECTION=@@COLLATION_CONNECTION */;
/*!40101 SET NAMES utf8 */;

--
-- Databank: `db_barroc-it`
--

-- --------------------------------------------------------

--
-- Tabelstructuur voor tabel `tbl_appointments`
--

CREATE TABLE IF NOT EXISTS `tbl_appointments` (
  `appointment_id` int(11) NOT NULL AUTO_INCREMENT,
  `project_id` int(11) NOT NULL,
  `appointment_day` date NOT NULL,
  `next_action` text NOT NULL,
  PRIMARY KEY (`appointment_id`),
  KEY `project_id` (`project_id`)
) ENGINE=InnoDB  DEFAULT CHARSET=latin1 AUTO_INCREMENT=401 ;

--
-- Gegevens worden geëxporteerd voor tabel `tbl_appointments`
--

INSERT INTO `tbl_appointments` (`appointment_id`, `project_id`, `appointment_day`, `next_action`) VALUES
(1, 60, '0000-00-00', 'Kennedy'),
(2, 16, '0000-00-00', 'Griffin'),
(3, 71, '0000-00-00', 'Peters'),
(4, 184, '0000-00-00', 'Davis'),
(5, 38, '0000-00-00', 'Harper'),
(6, 104, '0000-00-00', 'Castillo'),
(7, 86, '0000-00-00', 'Wright'),
(8, 132, '0000-00-00', 'Bell'),
(9, 44, '0000-00-00', 'Murray'),
(10, 126, '0000-00-00', 'Harper'),
(11, 143, '0000-00-00', 'Bennett'),
(12, 167, '0000-00-00', 'Duncan'),
(13, 68, '0000-00-00', 'Myers'),
(14, 108, '0000-00-00', 'Sullivan'),
(15, 194, '0000-00-00', 'Carpenter'),
(16, 187, '0000-00-00', 'Hudson'),
(17, 4, '0000-00-00', 'Mills'),
(18, 71, '0000-00-00', 'Clark'),
(19, 5, '0000-00-00', 'Chapman'),
(20, 177, '0000-00-00', 'Jackson'),
(21, 4, '0000-00-00', 'Ray'),
(22, 197, '0000-00-00', 'Matthews'),
(23, 159, '0000-00-00', 'Cruz'),
(24, 90, '0000-00-00', 'Wagner'),
(25, 174, '0000-00-00', 'Bailey'),
(26, 138, '0000-00-00', 'Freeman'),
(27, 174, '0000-00-00', 'Larson'),
(28, 132, '0000-00-00', 'Henry'),
(29, 1, '0000-00-00', 'Holmes'),
(30, 86, '0000-00-00', 'Hunt'),
(31, 142, '0000-00-00', 'Hart'),
(32, 126, '0000-00-00', 'Collins'),
(33, 145, '0000-00-00', 'Austin'),
(34, 11, '0000-00-00', 'Kennedy'),
(35, 169, '0000-00-00', 'Webb'),
(36, 64, '0000-00-00', 'Mendoza'),
(37, 167, '0000-00-00', 'Evans'),
(38, 137, '0000-00-00', 'Snyder'),
(39, 180, '0000-00-00', 'Walker'),
(40, 191, '0000-00-00', 'Spencer'),
(41, 144, '0000-00-00', 'Kelley'),
(42, 152, '0000-00-00', 'Hart'),
(43, 123, '0000-00-00', 'Reid'),
(44, 105, '0000-00-00', 'Stanley'),
(45, 154, '0000-00-00', 'Barnes'),
(46, 115, '0000-00-00', 'Watson'),
(47, 145, '0000-00-00', 'Hudson'),
(48, 11, '0000-00-00', 'Morrison'),
(49, 199, '0000-00-00', 'Robertson'),
(50, 146, '0000-00-00', 'Watson'),
(51, 31, '0000-00-00', 'Rogers'),
(52, 114, '0000-00-00', 'Carroll'),
(53, 161, '0000-00-00', 'Dixon'),
(54, 152, '0000-00-00', 'Morgan'),
(55, 70, '0000-00-00', 'Martinez'),
(56, 139, '0000-00-00', 'Dean'),
(57, 168, '0000-00-00', 'Mendoza'),
(58, 75, '0000-00-00', 'Wheeler'),
(59, 161, '0000-00-00', 'Mendoza'),
(60, 159, '0000-00-00', 'Kennedy'),
(61, 145, '0000-00-00', 'Myers'),
(62, 87, '0000-00-00', 'Baker'),
(63, 148, '0000-00-00', 'Edwards'),
(64, 144, '0000-00-00', 'Snyder'),
(65, 75, '0000-00-00', 'Gardner'),
(66, 175, '0000-00-00', 'Murphy'),
(67, 193, '0000-00-00', 'Day'),
(68, 90, '0000-00-00', 'Hudson'),
(69, 102, '0000-00-00', 'Parker'),
(70, 113, '0000-00-00', 'Simpson'),
(71, 196, '0000-00-00', 'Johnson'),
(72, 150, '0000-00-00', 'Gutierrez'),
(73, 161, '0000-00-00', 'Lewis'),
(74, 6, '0000-00-00', 'Austin'),
(75, 81, '0000-00-00', 'Bradley'),
(76, 64, '0000-00-00', 'Simpson'),
(77, 99, '0000-00-00', 'Perkins'),
(78, 171, '0000-00-00', 'Morales'),
(79, 51, '0000-00-00', 'Mccoy'),
(80, 145, '0000-00-00', 'Shaw'),
(81, 174, '0000-00-00', 'Gomez'),
(82, 198, '0000-00-00', 'Peterson'),
(83, 102, '0000-00-00', 'Kelley'),
(84, 50, '0000-00-00', 'Simmons'),
(85, 41, '0000-00-00', 'Hernandez'),
(86, 43, '0000-00-00', 'Sanchez'),
(87, 195, '0000-00-00', 'Watkins'),
(88, 35, '0000-00-00', 'Carroll'),
(89, 168, '0000-00-00', 'Griffin'),
(90, 168, '0000-00-00', 'Harris'),
(91, 173, '0000-00-00', 'Jacobs'),
(92, 65, '0000-00-00', 'Hill'),
(93, 56, '0000-00-00', 'Allen'),
(94, 48, '0000-00-00', 'Lopez'),
(95, 103, '0000-00-00', 'Kelly'),
(96, 55, '0000-00-00', 'Carroll'),
(97, 57, '0000-00-00', 'Mitchell'),
(98, 121, '0000-00-00', 'Bradley'),
(99, 146, '0000-00-00', 'Hunter'),
(100, 45, '0000-00-00', 'Boyd'),
(101, 39, '0000-00-00', 'Rogers'),
(102, 105, '0000-00-00', 'Kelley'),
(103, 96, '0000-00-00', 'Webb'),
(104, 172, '0000-00-00', 'Fox'),
(105, 59, '0000-00-00', 'Burke'),
(106, 63, '0000-00-00', 'Powell'),
(107, 191, '0000-00-00', 'Jackson'),
(108, 107, '0000-00-00', 'Harvey'),
(109, 23, '0000-00-00', 'Duncan'),
(110, 159, '0000-00-00', 'Howard'),
(111, 72, '0000-00-00', 'Freeman'),
(112, 115, '0000-00-00', 'Warren'),
(113, 196, '0000-00-00', 'Ortiz'),
(114, 145, '0000-00-00', 'Kelly'),
(115, 16, '0000-00-00', 'Jenkins'),
(116, 184, '0000-00-00', 'Reed'),
(117, 195, '0000-00-00', 'Sanchez'),
(118, 169, '0000-00-00', 'Romero'),
(119, 93, '0000-00-00', 'Garrett'),
(120, 121, '0000-00-00', 'Moore'),
(121, 23, '0000-00-00', 'Day'),
(122, 131, '0000-00-00', 'Mcdonald'),
(123, 34, '0000-00-00', 'Oliver'),
(124, 130, '0000-00-00', 'Carpenter'),
(125, 46, '0000-00-00', 'Gordon'),
(126, 183, '0000-00-00', 'Martin'),
(127, 186, '0000-00-00', 'Rogers'),
(128, 200, '0000-00-00', 'Lopez'),
(129, 90, '0000-00-00', 'Sims'),
(130, 185, '0000-00-00', 'Ross'),
(131, 167, '0000-00-00', 'Johnston'),
(132, 164, '0000-00-00', 'Wilson'),
(133, 14, '0000-00-00', 'Wallace'),
(134, 142, '0000-00-00', 'Butler'),
(135, 99, '0000-00-00', 'Gray'),
(136, 135, '0000-00-00', 'Mccoy'),
(137, 184, '0000-00-00', 'Peterson'),
(138, 28, '0000-00-00', 'Turner'),
(139, 122, '0000-00-00', 'Holmes'),
(140, 126, '0000-00-00', 'Griffin'),
(141, 20, '0000-00-00', 'Carpenter'),
(142, 113, '0000-00-00', 'Johnson'),
(143, 56, '0000-00-00', 'Johnston'),
(144, 88, '0000-00-00', 'Washington'),
(145, 62, '0000-00-00', 'Fowler'),
(146, 92, '0000-00-00', 'Andrews'),
(147, 45, '0000-00-00', 'Hicks'),
(148, 113, '0000-00-00', 'Gray'),
(149, 161, '0000-00-00', 'Snyder'),
(150, 182, '0000-00-00', 'Rodriguez'),
(151, 145, '0000-00-00', 'Harvey'),
(152, 5, '0000-00-00', 'Johnson'),
(153, 35, '0000-00-00', 'Anderson'),
(154, 167, '0000-00-00', 'Day'),
(155, 83, '0000-00-00', 'Sims'),
(156, 36, '0000-00-00', 'Romero'),
(157, 114, '0000-00-00', 'Ortiz'),
(158, 73, '0000-00-00', 'Bell'),
(159, 55, '0000-00-00', 'Burton'),
(160, 106, '0000-00-00', 'Parker'),
(161, 161, '0000-00-00', 'Green'),
(162, 142, '0000-00-00', 'Gonzalez'),
(163, 67, '0000-00-00', 'Stanley'),
(164, 13, '0000-00-00', 'Green'),
(165, 133, '0000-00-00', 'Kennedy'),
(166, 129, '0000-00-00', 'Stanley'),
(167, 136, '0000-00-00', 'Murphy'),
(168, 45, '0000-00-00', 'George'),
(169, 150, '0000-00-00', 'Walker'),
(170, 175, '0000-00-00', 'Jackson'),
(171, 160, '0000-00-00', 'Jones'),
(172, 57, '0000-00-00', 'Fuller'),
(173, 66, '0000-00-00', 'Ellis'),
(174, 86, '0000-00-00', 'Diaz'),
(175, 175, '0000-00-00', 'Black'),
(176, 1, '0000-00-00', 'Kennedy'),
(177, 7, '0000-00-00', 'Clark'),
(178, 74, '0000-00-00', 'Payne'),
(179, 78, '0000-00-00', 'Armstrong'),
(180, 109, '0000-00-00', 'Ryan'),
(181, 40, '0000-00-00', 'Harvey'),
(182, 176, '0000-00-00', 'Oliver'),
(183, 165, '0000-00-00', 'Hunt'),
(184, 13, '0000-00-00', 'Stewart'),
(185, 169, '0000-00-00', 'Scott'),
(186, 20, '0000-00-00', 'Watkins'),
(187, 136, '0000-00-00', 'Fisher'),
(188, 25, '0000-00-00', 'White'),
(189, 150, '0000-00-00', 'Hunter'),
(190, 110, '0000-00-00', 'Green'),
(191, 158, '0000-00-00', 'Garza'),
(192, 11, '0000-00-00', 'Morris'),
(193, 62, '0000-00-00', 'Franklin'),
(194, 43, '0000-00-00', 'Kennedy'),
(195, 27, '0000-00-00', 'Davis'),
(196, 10, '0000-00-00', 'Gardner'),
(197, 95, '0000-00-00', 'Cooper'),
(198, 180, '0000-00-00', 'Coleman'),
(199, 156, '0000-00-00', 'Edwards'),
(200, 46, '0000-00-00', 'Carter'),
(201, 157, '0000-00-00', 'Dunn'),
(202, 128, '0000-00-00', 'Edwards'),
(203, 136, '0000-00-00', 'Mitchell'),
(204, 176, '0000-00-00', 'Mills'),
(205, 37, '0000-00-00', 'Austin'),
(206, 65, '0000-00-00', 'Williams'),
(207, 13, '0000-00-00', 'Kelley'),
(208, 149, '0000-00-00', 'Fox'),
(209, 124, '0000-00-00', 'Peterson'),
(210, 149, '0000-00-00', 'Andrews'),
(211, 52, '0000-00-00', 'Evans'),
(212, 89, '0000-00-00', 'Dixon'),
(213, 2, '0000-00-00', 'Shaw'),
(214, 151, '0000-00-00', 'Weaver'),
(215, 23, '0000-00-00', 'Garrett'),
(216, 29, '0000-00-00', 'Moreno'),
(217, 72, '0000-00-00', 'Dean'),
(218, 76, '0000-00-00', 'Harrison'),
(219, 163, '0000-00-00', 'Montgomery'),
(220, 53, '0000-00-00', 'Garrett'),
(221, 87, '0000-00-00', 'Thomas'),
(222, 167, '0000-00-00', 'Mills'),
(223, 113, '0000-00-00', 'Patterson'),
(224, 199, '0000-00-00', 'Marshall'),
(225, 196, '0000-00-00', 'Jordan'),
(226, 7, '0000-00-00', 'Black'),
(227, 52, '0000-00-00', 'Stephens'),
(228, 105, '0000-00-00', 'Frazier'),
(229, 45, '0000-00-00', 'Weaver'),
(230, 77, '0000-00-00', 'Turner'),
(231, 70, '0000-00-00', 'Henderson'),
(232, 50, '0000-00-00', 'Cook'),
(233, 115, '0000-00-00', 'Henry'),
(234, 85, '0000-00-00', 'Carter'),
(235, 155, '0000-00-00', 'Dunn'),
(236, 25, '0000-00-00', 'Taylor'),
(237, 69, '0000-00-00', 'Jordan'),
(238, 109, '0000-00-00', 'Cooper'),
(239, 115, '0000-00-00', 'Harper'),
(240, 3, '0000-00-00', 'Morrison'),
(241, 197, '0000-00-00', 'Rice'),
(242, 178, '0000-00-00', 'Rodriguez'),
(243, 78, '0000-00-00', 'Andrews'),
(244, 178, '0000-00-00', 'Marshall'),
(245, 112, '0000-00-00', 'Mcdonald'),
(246, 167, '0000-00-00', 'Fowler'),
(247, 105, '0000-00-00', 'Carr'),
(248, 188, '0000-00-00', 'Hamilton'),
(249, 30, '0000-00-00', 'Pierce'),
(250, 160, '0000-00-00', 'Mccoy'),
(251, 186, '0000-00-00', 'Perkins'),
(252, 183, '0000-00-00', 'Hudson'),
(253, 107, '0000-00-00', 'Little'),
(254, 118, '0000-00-00', 'Cunningham'),
(255, 59, '0000-00-00', 'Hicks'),
(256, 37, '0000-00-00', 'Scott'),
(257, 195, '0000-00-00', 'Kim'),
(258, 32, '0000-00-00', 'Dean'),
(259, 124, '0000-00-00', 'Morales'),
(260, 200, '0000-00-00', 'White'),
(261, 40, '0000-00-00', 'Ryan'),
(262, 106, '0000-00-00', 'Flores'),
(263, 63, '0000-00-00', 'Gutierrez'),
(264, 79, '0000-00-00', 'Wheeler'),
(265, 141, '0000-00-00', 'Nelson'),
(266, 182, '0000-00-00', 'Adams'),
(267, 71, '0000-00-00', 'Gardner'),
(268, 98, '0000-00-00', 'King'),
(269, 10, '0000-00-00', 'Mills'),
(270, 89, '0000-00-00', 'Meyer'),
(271, 1, '0000-00-00', 'Washington'),
(272, 159, '0000-00-00', 'Dixon'),
(273, 151, '0000-00-00', 'George'),
(274, 136, '0000-00-00', 'Lawrence'),
(275, 143, '0000-00-00', 'Myers'),
(276, 135, '0000-00-00', 'Kelly'),
(277, 172, '0000-00-00', 'Watson'),
(278, 120, '0000-00-00', 'Olson'),
(279, 101, '0000-00-00', 'Russell'),
(280, 133, '0000-00-00', 'Powell'),
(281, 5, '0000-00-00', 'Miller'),
(282, 142, '0000-00-00', 'Andrews'),
(283, 186, '0000-00-00', 'Wallace'),
(284, 135, '0000-00-00', 'Rice'),
(285, 11, '0000-00-00', 'Walker'),
(286, 51, '0000-00-00', 'Williamson'),
(287, 199, '0000-00-00', 'Butler'),
(288, 86, '0000-00-00', 'Hart'),
(289, 109, '0000-00-00', 'Harper'),
(290, 27, '0000-00-00', 'Lane'),
(291, 95, '0000-00-00', 'Fowler'),
(292, 196, '0000-00-00', 'Grant'),
(293, 4, '0000-00-00', 'Hunter'),
(294, 122, '0000-00-00', 'Holmes'),
(295, 91, '0000-00-00', 'Garza'),
(296, 117, '0000-00-00', 'Simmons'),
(297, 99, '0000-00-00', 'Shaw'),
(298, 31, '0000-00-00', 'Jones'),
(299, 6, '0000-00-00', 'Lawson'),
(300, 134, '0000-00-00', 'Hall'),
(301, 11, '0000-00-00', 'Henderson'),
(302, 68, '0000-00-00', 'Howell'),
(303, 38, '0000-00-00', 'Mccoy'),
(304, 193, '0000-00-00', 'Boyd'),
(305, 56, '0000-00-00', 'Foster'),
(306, 127, '0000-00-00', 'Ellis'),
(307, 45, '0000-00-00', 'Boyd'),
(308, 94, '0000-00-00', 'Little'),
(309, 138, '0000-00-00', 'Peterson'),
(310, 94, '0000-00-00', 'Cole'),
(311, 74, '0000-00-00', 'Cook'),
(312, 156, '0000-00-00', 'Mcdonald'),
(313, 124, '0000-00-00', 'Washington'),
(314, 193, '0000-00-00', 'Banks'),
(315, 104, '0000-00-00', 'Hill'),
(316, 157, '0000-00-00', 'Allen'),
(317, 2, '0000-00-00', 'Bryant'),
(318, 41, '0000-00-00', 'Anderson'),
(319, 76, '0000-00-00', 'Cook'),
(320, 107, '0000-00-00', 'Lewis'),
(321, 167, '0000-00-00', 'Fowler'),
(322, 187, '0000-00-00', 'Perez'),
(323, 35, '0000-00-00', 'Murphy'),
(324, 72, '0000-00-00', 'Ruiz'),
(325, 43, '0000-00-00', 'Medina'),
(326, 53, '0000-00-00', 'Rogers'),
(327, 88, '0000-00-00', 'Elliott'),
(328, 144, '0000-00-00', 'Lynch'),
(329, 139, '0000-00-00', 'Harvey'),
(330, 197, '0000-00-00', 'Olson'),
(331, 14, '0000-00-00', 'Cruz'),
(332, 146, '0000-00-00', 'Richardson'),
(333, 199, '0000-00-00', 'Baker'),
(334, 35, '0000-00-00', 'Mason'),
(335, 46, '0000-00-00', 'Morgan'),
(336, 113, '0000-00-00', 'Fuller'),
(337, 173, '0000-00-00', 'Johnston'),
(338, 185, '0000-00-00', 'Alexander'),
(339, 131, '0000-00-00', 'Hunter'),
(340, 87, '0000-00-00', 'Berry'),
(341, 137, '0000-00-00', 'Lawrence'),
(342, 9, '0000-00-00', 'Boyd'),
(343, 166, '0000-00-00', 'Banks'),
(344, 74, '0000-00-00', 'Lawrence'),
(345, 87, '0000-00-00', 'Hawkins'),
(346, 21, '0000-00-00', 'Holmes'),
(347, 86, '0000-00-00', 'Marshall'),
(348, 113, '0000-00-00', 'Gutierrez'),
(349, 103, '0000-00-00', 'Hart'),
(350, 12, '0000-00-00', 'Lawrence'),
(351, 88, '0000-00-00', 'Rose'),
(352, 37, '0000-00-00', 'Hanson'),
(353, 150, '0000-00-00', 'Daniels'),
(354, 9, '0000-00-00', 'Black'),
(355, 94, '0000-00-00', 'Myers'),
(356, 88, '0000-00-00', 'Sims'),
(357, 180, '0000-00-00', 'Turner'),
(358, 100, '0000-00-00', 'Morgan'),
(359, 44, '0000-00-00', 'Snyder'),
(360, 138, '0000-00-00', 'Bell'),
(361, 74, '0000-00-00', 'Cruz'),
(362, 158, '0000-00-00', 'Hernandez'),
(363, 7, '0000-00-00', 'King'),
(364, 123, '0000-00-00', 'Dunn'),
(365, 109, '0000-00-00', 'Garrett'),
(366, 112, '0000-00-00', 'Hawkins'),
(367, 38, '0000-00-00', 'Robertson'),
(368, 52, '0000-00-00', 'Johnson'),
(369, 178, '0000-00-00', 'Myers'),
(370, 46, '0000-00-00', 'Patterson'),
(371, 44, '0000-00-00', 'Vasquez'),
(372, 35, '0000-00-00', 'Palmer'),
(373, 8, '0000-00-00', 'Clark'),
(374, 146, '0000-00-00', 'Nelson'),
(375, 84, '0000-00-00', 'Carter'),
(376, 89, '0000-00-00', 'Price'),
(377, 26, '0000-00-00', 'Sullivan'),
(378, 7, '0000-00-00', 'Rogers'),
(379, 6, '0000-00-00', 'Gibson'),
(380, 50, '0000-00-00', 'Jenkins'),
(381, 156, '0000-00-00', 'Hansen'),
(382, 185, '0000-00-00', 'Nelson'),
(383, 142, '0000-00-00', 'Bradley'),
(384, 48, '0000-00-00', 'Henderson'),
(385, 79, '0000-00-00', 'Bishop'),
(386, 118, '0000-00-00', 'Henderson'),
(387, 69, '0000-00-00', 'Sullivan'),
(388, 76, '0000-00-00', 'Bishop'),
(389, 192, '0000-00-00', 'Rodriguez'),
(390, 129, '0000-00-00', 'Berry'),
(391, 59, '0000-00-00', 'Reynolds'),
(392, 72, '0000-00-00', 'Morales'),
(393, 134, '0000-00-00', 'Reid'),
(394, 154, '0000-00-00', 'Rice'),
(395, 31, '0000-00-00', 'Allen'),
(396, 144, '0000-00-00', 'Wagner'),
(397, 35, '0000-00-00', 'Harvey'),
(398, 80, '0000-00-00', 'Lane'),
(399, 34, '0000-00-00', 'Vasquez'),
(400, 16, '0000-00-00', 'Rivera');

-- --------------------------------------------------------

--
-- Tabelstructuur voor tabel `tbl_customers`
--

CREATE TABLE IF NOT EXISTS `tbl_customers` (
  `customer_id` int(11) NOT NULL AUTO_INCREMENT,
  `company_name` varchar(255) NOT NULL,
  `address_1` varchar(255) NOT NULL,
  `address_2` varchar(255) DEFAULT NULL,
  `zipcode` varchar(255) NOT NULL,
  `phone_number_1` varchar(50) NOT NULL,
  `phone_number_2` varchar(50) DEFAULT NULL,
  `email` varchar(255) NOT NULL,
  `fax` varchar(50) DEFAULT NULL,
  `contact_person` varchar(255) NOT NULL,
  `internal_contact_person` varchar(255) NOT NULL,
  `potential_customer` tinyint(1) NOT NULL,
  `applications` text NOT NULL,
  `bank_nr` int(50) NOT NULL,
  `limit` varchar(255) NOT NULL,
  `credit_balance` varchar(255) NOT NULL,
  `credit_worthy` tinyint(1) NOT NULL,
  `ledger_account_number` varchar(255) NOT NULL,
  `gross_revenue` varchar(255) NOT NULL,
  `sales_percentage` int(2) NOT NULL,
  `number_of_invoices` int(11) NOT NULL,
  `last_contact_date` date NOT NULL,
  PRIMARY KEY (`customer_id`)
) ENGINE=InnoDB  DEFAULT CHARSET=latin1 AUTO_INCREMENT=52 ;

--
-- Gegevens worden geëxporteerd voor tabel `tbl_customers`
--

INSERT INTO `tbl_customers` (`customer_id`, `company_name`, `address_1`, `address_2`, `zipcode`, `phone_number_1`, `phone_number_2`, `email`, `fax`, `contact_person`, `internal_contact_person`, `potential_customer`, `applications`, `bank_nr`, `limit`, `credit_balance`, `credit_worthy`, `ledger_account_number`, `gross_revenue`, `sales_percentage`, `number_of_invoices`, `last_contact_date`) VALUES
(2, 'Hyatt-Kreiger', '6 Erie Street', '09 Redwing Drive', 'HA5 2LG', '86-(509)718-3390', '48-(770)771-5215', 'epeters0@jiathis.com', '86-(705)493-0746', 'Eugene Crawford', 'Evelyn Peters', 0, 'Domainer', 0, '€3568,28', '€1294,11', 1, '01-507-8906', '€183,61', 45, 0, '0000-00-00'),
(3, 'Glover, Douglas and Leuschke', '33 Hermina Alley', '59 Mccormick Trail', 'NW10 8UA', '1-(511)145-1142', '86-(587)974-6175', 'kstephens1@kickstarter.com', '52-(378)476-4283', 'Stephen Fox', 'Katherine Stephens', 1, 'Temp', 0, '€6558,07', '€12794,75', 1, '41-117-8231', '€866,80', 8, 0, '0000-00-00'),
(4, 'Berge-Halvorson', '053 Shasta Junction', '6538 Cascade Avenue', 'BA7 7JB', '27-(851)212-4888', '86-(148)374-7394', 'dgordon2@auda.org.au', '62-(266)648-7281', 'Debra Ward', 'Doris Gordon', 1, 'Holdlamis', 0, '€7027,95', '€16355,08', 0, '86-861-3595', '€940,63', 85, 0, '0000-00-00'),
(5, 'Von Group', '79149 Luster Crossing', '7 Loftsgordon Point', 'L75 1BB', '63-(852)117-0538', '63-(938)931-8629', 'jward3@latimes.com', '86-(277)907-2529', 'Justin Stone', 'Jeffrey Ward', 0, 'Vagram', 0, '€4895,79', '€9185,35', 0, '45-765-9866', '€486,39', 62, 0, '0000-00-00'),
(6, 'Thiel and Sons', '594 Evergreen Drive', '324 Parkside Drive', 'DN55 1NT', '7-(695)144-2027', '63-(128)927-9127', 'krodriguez4@plala.or.jp', '55-(484)357-1027', 'Sean Lane', 'Keith Rodriguez', 0, 'Lotlux', 0, '€3564,44', '€10651,91', 0, '41-975-1154', '€250,32', 51, 0, '0000-00-00'),
(7, 'Sporer Inc', '93914 Mayfield Pass', '1 Bowman Pass', 'CW12 4JB', '62-(252)117-8552', '57-(381)268-1634', 'mbutler5@nydailynews.com', '55-(234)954-7550', 'Julie Nichols', 'Marie Butler', 1, 'Otcom', 0, '€3508,31', '€16092,68', 1, '45-512-1408', '€270,80', 64, 0, '0000-00-00'),
(8, 'Kemmer, Grimes and Schimmel', '836 Granby Plaza', '85 Mesta Crossing', 'CA21 2YJ', '86-(218)285-8140', '86-(134)663-5466', 'cknight6@hubpages.com', '254-(616)969-7799', 'Laura Wilson', 'Cynthia Knight', 0, 'Otcom', 0, '€2867,82', '€13461,18', 1, '48-560-2363', '€764,63', 18, 0, '0000-00-00'),
(9, 'Skiles LLC', '92 Riverside Crossing', '907 Weeping Birch Alley', 'IV5 7NX', '7-(158)849-6887', '970-(480)840-2492', 'phoward7@tinyurl.com', '48-(169)345-1591', 'Bonnie Diaz', 'Patrick Howard', 0, 'Overhold', 0, '€806,94', '€4316,84', 1, '91-856-6632', '€794,87', 27, 0, '0000-00-00'),
(10, 'Ziemann-Anderson', '637 Petterle Pass', '02719 Hauk Point', 'EC1Y 8ND', '84-(869)206-6413', '84-(709)699-4701', 'dstewart8@comsenz.com', '63-(137)543-7936', 'Jane Ford', 'Daniel Stewart', 0, 'Vagram', 0, '€5201,26', '€5212,23', 1, '84-602-0125', '€505,33', 66, 0, '0000-00-00'),
(11, 'Larkin-Emard', '27 Ridgeview Lane', '810 Maple Circle', 'PH4 1QF', '389-(110)108-8111', '62-(477)444-5488', 'rramirez9@weebly.com', '62-(489)630-9837', 'Anthony Kennedy', 'Robin Ramirez', 1, 'Overhold', 0, '€125,65', '€9910,08', 1, '43-913-3515', '€331,10', 14, 0, '0000-00-00'),
(12, 'Olson Inc', '66 Luster Plaza', '5303 Kensington Parkway', 'EC4A 1AB', '30-(518)330-2210', '93-(359)455-9460', 'bgriffina@123-reg.co.uk', '7-(366)396-2328', 'Deborah Peterson', 'Barbara Griffin', 1, 'Solarbreeze', 0, '€9192,53', '€5165,55', 1, '05-230-2818', '€969,57', 87, 0, '0000-00-00'),
(13, 'Bernhard Inc', '273 Kennedy Junction', '6298 Green Ridge Lane', 'TF1 2DH', '58-(408)791-5821', '86-(450)317-6966', 'jwatsonb@hud.gov', '374-(754)676-5308', 'Fred Snyder', 'Jimmy Watson', 0, 'Greenlam', 0, '€4672,99', '€12163,54', 0, '60-955-9729', '€443,46', 51, 0, '0000-00-00'),
(14, 'O''Conner-Herman', '62272 Algoma Pass', '9949 Northfield Parkway', 'WV4 4RA', '62-(591)310-6253', '81-(345)475-5801', 'hhughesc@macromedia.com', '86-(894)599-3640', 'Russell Peters', 'Helen Hughes', 1, 'Y-Solowarm', 0, '€7031,10', '€8154,27', 1, '99-022-5334', '€158,43', 41, 0, '0000-00-00'),
(15, 'Turcotte Inc', '0673 Spenser Plaza', '9 Lillian Circle', 'UB1 2XP', '380-(382)200-9855', '62-(550)670-8984', 'roliverd@nsw.gov.au', '86-(450)214-3743', 'Betty Hawkins', 'Ronald Oliver', 0, 'Veribet', 0, '€5098,93', '€9091,12', 1, '66-395-2436', '€120,70', 16, 0, '0000-00-00'),
(16, 'Connelly-Glover', '97861 6th Alley', '91543 Canary Park', 'BD4 9NE', '55-(279)135-8251', '351-(972)427-5700', 'cjacksone@buzzfeed.com', '33-(660)305-9965', 'Julie Schmidt', 'Chris Jackson', 1, 'Voyatouch', 0, '€2750,65', '€14234,88', 0, '53-002-7855', '€875,89', 41, 0, '0000-00-00'),
(17, 'Wehner-Fay', '06461 Monica Parkway', '86395 Tennessee Circle', 'IV9 8QX', '86-(351)885-5278', '62-(377)135-9164', 'rdanielsf@aboutads.info', '57-(240)695-4402', 'Lois Jacobs', 'Richard Daniels', 1, 'Stim', 0, '€4771,45', '€4678,15', 1, '84-147-0795', '€726,35', 54, 0, '0000-00-00'),
(18, 'Bernier-Daniel', '4 Roxbury Place', '70577 1st Pass', 'LL43 2AH', '84-(286)558-7816', '86-(891)935-7049', 'shuntg@unblog.fr', '374-(456)930-2193', 'Paul Graham', 'Shawn Hunt', 0, 'Fixflex', 0, '€2403,23', '€361,30', 1, '54-953-0672', '€516,23', 87, 0, '0000-00-00'),
(19, 'Fisher Inc', '48 Morrow Street', '34 Manufacturers Lane', 'M29 8BY', '86-(505)903-4188', '244-(636)774-6927', 'ayoungh@bloglovin.com', '52-(403)467-3725', 'Joyce Mills', 'Anthony Young', 0, 'Daltfresh', 0, '€9345,70', '€18186,36', 0, '67-520-4386', '€979,39', 50, 0, '0000-00-00'),
(20, 'Frami-Bahringer', '5620 Dovetail Plaza', '385 Reindahl Park', 'CF43 4PG', '55-(924)950-2728', '33-(981)810-1063', 'mhawkinsi@hud.gov', '1-(352)326-9689', 'Frank Garcia', 'Marie Hawkins', 1, 'Flowdesk', 0, '€9568,99', '€13169,37', 1, '66-266-5444', '€983,39', 90, 0, '0000-00-00'),
(21, 'Bogisich and Sons', '79701 Crownhardt Junction', '5 Eagan Place', 'WR6 6PZ', '62-(509)804-0953', '86-(238)503-1302', 'dpiercej@mtv.com', '691-(137)916-3871', 'Kathy Olson', 'Donald Pierce', 0, 'Redhold', 0, '€2726,05', '€2189,92', 1, '88-596-6906', '€330,67', 15, 0, '0000-00-00'),
(22, 'Koelpin-Glover', '3 West Place', '43542 Forest Alley', 'HS3 3AP', '353-(527)354-0981', '57-(457)216-4769', 'aoliverk@yellowpages.com', '20-(721)644-7856', 'Benjamin Dunn', 'Angela Oliver', 1, 'Greenlam', 0, '€182,44', '€17675,73', 0, '69-673-9373', '€278,63', 2, 0, '0000-00-00'),
(23, 'Johnston, Runte and Collier', '747 Chinook Circle', '67549 Rusk Avenue', 'LA6 2WY', '420-(635)700-9239', '380-(393)316-7622', 'bleel@marriott.com', '63-(903)835-4460', 'Cynthia Jones', 'Betty Lee', 0, 'Fintone', 0, '€3829,56', '€8629,29', 1, '68-535-3897', '€114,42', 71, 0, '0000-00-00'),
(24, 'Greenholt-Kiehn', '39382 Memorial Street', '0 Mariners Cove Lane', 'CW6 0HF', '62-(534)822-7460', '46-(751)973-7682', 'asimmonsm@google.fr', '504-(532)266-3897', 'Stephen Bowman', 'Anna Simmons', 0, 'Greenlam', 0, '€6793,10', '€8821,71', 1, '63-104-0482', '€403,32', 5, 0, '0000-00-00'),
(25, 'Reichert-Kilback', '41 Melody Street', '8250 Westerfield Center', 'SO43 7BJ', '57-(391)277-2726', '86-(211)399-2661', 'rmeyern@unblog.fr', '7-(429)715-5717', 'Rachel Phillips', 'Robert Meyer', 0, 'Vagram', 0, '€3609,97', '€7443,02', 0, '14-781-8208', '€364,13', 51, 0, '0000-00-00'),
(26, 'Koch-Emmerich', '77 4th Plaza', '91 Becker Lane', 'DE45 1WR', '57-(388)376-4997', '86-(610)549-6896', 'dcoopero@upenn.edu', '62-(983)725-7477', 'Betty Davis', 'Douglas Cooper', 0, 'Matsoft', 0, '€4954,78', '€5682,27', 1, '22-082-4117', '€169,18', 47, 0, '0000-00-00'),
(27, 'Gerhold LLC', '657 Mayer Road', '12 Moulton Alley', 'BB11 1BA', '86-(795)358-1233', '62-(242)939-5209', 'fwestp@walmart.com', '86-(480)500-0437', 'Steven Diaz', 'Frank West', 1, 'Cookley', 0, '€6600,13', '€13003,47', 1, '74-174-8050', '€101,33', 50, 0, '0000-00-00'),
(28, 'Kozey Group', '87 Anhalt Court', '0526 Sutherland Street', '2540-593', '351-(457)554-9614', '420-(446)963-7046', 'svasquezq@tinyurl.com', '63-(316)812-8034', 'Sandra Palmer', 'Steve Vasquez', 0, 'Asoka', 0, '€3270,51', '€7863,28', 1, '44-317-0079', '€579,62', 20, 0, '0000-00-00'),
(29, 'Bednar-Satterfield', '19 Sachtjen Parkway', '5753 Sutherland Trail', 'FK1 1BA', '55-(348)524-0529', '351-(148)402-3888', 'ksmithr@weather.com', '33-(186)162-3272', 'Jean Adams', 'Kathryn Smith', 0, 'Aerified', 0, '€4990,91', '€3617,19', 1, '81-697-1348', '€460,88', 59, 0, '0000-00-00'),
(30, 'Mante and Sons', '014 Waxwing Avenue', '97146 Petterle Park', 'SO25 1AD', '62-(845)834-3610', '376-(201)741-1281', 'awelchs@goo.ne.jp', '1-(827)768-5016', 'Gregory Bowman', 'Annie Welch', 0, 'Kanlam', 0, '€3724,87', '€14971,59', 0, '45-480-0138', '€983,43', 7, 0, '0000-00-00'),
(31, 'Paucek, Dicki and Kohler', '41 Mesta Junction', '77940 Mifflin Street', 'IP98 9RA', '48-(888)233-0915', '58-(644)261-4703', 'bbrownt@uiuc.edu', '63-(796)892-3125', 'Jennifer Fuller', 'Bobby Brown', 0, 'Zamit', 0, '€7997,40', '€13568,91', 0, '99-785-6306', '€769,22', 37, 0, '0000-00-00'),
(32, 'Weissnat-Feeney', '4 Heath Point', '4 Mockingbird Junction', 'PA66 6BW', '62-(762)306-4334', '86-(826)291-6038', 'achapmanu@myspace.com', '381-(621)164-9899', 'Cheryl Tucker', 'Alice Chapman', 0, 'Tampflex', 0, '€657,16', '€16877,00', 1, '90-241-3961', '€749,83', 46, 0, '0000-00-00'),
(33, 'DuBuque and Sons', '3879 Lakewood Gardens Lane', '1081 Elmside Junction', 'NR3 4EB', '353-(402)970-3467', '86-(573)643-6740', 'abradleyv@uol.com.br', '86-(458)606-8341', 'Phillip Black', 'Alice Bradley', 1, 'Asoka', 0, '€7452,65', '€13823,60', 0, '77-870-3343', '€718,30', 57, 0, '0000-00-00'),
(34, 'Hodkiewicz, Torp and Mante', '9784 Scoville Point', '739 Corben Point', 'UB2 4JE', '387-(436)235-2183', '7-(630)531-7626', 'jandersonw@msu.edu', '46-(946)169-0409', 'Kimberly Holmes', 'Jesse Anderson', 1, 'Matsoft', 0, '€4619,34', '€7369,11', 0, '30-768-1207', '€500,17', 28, 0, '0000-00-00'),
(35, 'Veum, Balistreri and Roob', '519 Cherokee Center', '942 Mallard Alley', 'G78 3PU', '380-(630)126-1233', '86-(538)720-7144', 'jortizx@amazon.de', '33-(446)228-6538', 'Katherine Garza', 'Jeffrey Ortiz', 0, 'Zaam-Dox', 0, '€1821,72', '€4804,10', 0, '32-652-8259', '€750,05', 46, 0, '0000-00-00'),
(36, 'Mayer-Wolff', '753 Summer Ridge Plaza', '46 Eastwood Court', 'BT8 4PT', '62-(976)911-5341', '351-(992)773-2914', 'tperkinsy@ocn.ne.jp', '7-(116)484-5780', 'Ernest West', 'Thomas Perkins', 0, 'Bamity', 0, '€9986,22', '€5398,36', 0, '34-931-2104', '€838,98', 61, 0, '0000-00-00'),
(37, 'Towne LLC', '2310 Carpenter Alley', '27 Sugar Road', '4990-565', '351-(232)476-2526', '86-(419)559-8793', 'dellisz@examiner.com', '86-(946)835-8857', 'Kimberly Kelley', 'Denise Ellis', 1, 'Rank', 0, '€5411,62', '€14115,88', 0, '66-528-5491', '€275,43', 1, 0, '0000-00-00'),
(38, 'Block, Walker and White', '132 Spaight Junction', '3980 Mesta Circle', 'SA20 0HJ', '7-(167)905-9467', '58-(828)908-5195', 'jwoods10@hugedomains.com', '51-(701)594-8266', 'Donna Rivera', 'Justin Woods', 0, 'Fixflex', 0, '€3244,80', '€16300,38', 1, '74-672-9392', '€855,12', 4, 0, '0000-00-00'),
(39, 'Hagenes-Lebsack', '081 Ridgeway Pass', '9935 Ilene Circle', '74164 CEDEX', '33-(584)323-2577', '62-(758)579-2263', 'mmedina11@alexa.com', '55-(836)295-6958', 'Emily Matthews', 'Marie Medina', 0, 'Quo Lux', 0, '€5884,55', '€14771,86', 1, '14-102-6222', '€713,63', 75, 0, '0000-00-00'),
(40, 'Tillman, Corkery and Zieme', '919 Namekagon Point', '808 Texas Drive', 'KA7 3HB', '54-(773)310-5412', '98-(366)588-1547', 'jphillips12@spotify.com', '967-(293)999-1297', 'Steven Jordan', 'Jacqueline Phillips', 0, 'Zoolab', 0, '€8167,82', '€313,03', 0, '70-443-1887', '€714,27', 41, 0, '0000-00-00'),
(41, 'Mohr Inc', '320 Morningstar Pass', '0 Fisk Road', 'DD5 3HP', '81-(570)595-3255', '380-(460)765-6747', 'lhamilton13@bigcartel.com', '62-(407)219-5675', 'Carlos Dean', 'Laura Hamilton', 1, 'Bitwolf', 0, '€4405,69', '€1839,94', 1, '02-365-2419', '€352,96', 100, 0, '0000-00-00'),
(42, 'Jakubowski-Berge', '5 Loftsgordon Park', '933 Brentwood Circle', 'SM1 1JU', '48-(179)570-3368', '380-(264)244-6296', 'jclark14@purevolume.com', '963-(929)349-0202', 'Kenneth Cook', 'Joe Clark', 1, 'Cardguard', 0, '€6103,49', '€2498,04', 0, '88-535-7467', '€960,58', 99, 0, '0000-00-00'),
(43, 'Reichel, Rowe and Hackett', '368 Dexter Drive', '2 Parkside Crossing', 'HP27 0PD', '66-(404)765-2687', '86-(337)472-4067', 'wsullivan15@ebay.com', '30-(329)651-8142', 'Clarence Jackson', 'Willie Sullivan', 1, 'Lotlux', 0, '€5156,51', '€18534,98', 1, '35-109-3247', '€954,03', 11, 0, '0000-00-00'),
(44, 'Orn LLC', '2 Luster Center', '586 Sunbrook Lane', 'ZE2 9AF', '389-(613)770-3599', '33-(680)552-0175', 'tmoreno16@tripadvisor.com', '262-(264)915-1099', 'Dennis Meyer', 'Todd Moreno', 1, 'Stronghold', 0, '€8487,28', '€1283,24', 1, '28-514-5303', '€425,60', 82, 0, '0000-00-00'),
(45, 'Johns-Mueller', '1848 Cardinal Crossing', '1638 Bay Center', 'TS11 8HX', '55-(536)557-6171', '62-(594)731-5937', 'jgarcia17@biblegateway.com', '86-(104)870-0510', 'Kimberly Jackson', 'Janet Garcia', 1, 'Bitwolf', 0, '€8681,60', '€12510,36', 1, '24-377-5317', '€112,83', 87, 0, '0000-00-00'),
(46, 'Yundt Group', '362 Lawn Point', '1 Namekagon Trail', 'DT2 8BJ', '234-(675)673-1328', '49-(281)723-7280', 'jmeyer18@dropbox.com', '353-(596)632-4319', 'Roy Jordan', 'Janet Meyer', 0, 'Y-Solowarm', 0, '€5940,10', '€1533,61', 1, '08-148-4826', '€868,99', 3, 0, '0000-00-00'),
(47, 'Schoen, Mante and Kessler', '068 Dayton Way', '3 Dahle Terrace', 'HX5 9BL', '81-(458)524-6845', '63-(136)752-3763', 'mwest19@princeton.edu', '380-(266)525-2761', 'Eric Ferguson', 'Martin West', 0, 'Lotstring', 0, '€2275,69', '€440,64', 0, '15-763-2609', '€475,86', 7, 0, '0000-00-00'),
(48, 'Witting Inc', '5173 Memorial Park', '81 Algoma Parkway', '4755-211', '351-(488)682-9477', '380-(585)782-8365', 'arussell1a@google.com.hk', '84-(504)769-2372', 'Anna Sullivan', 'Adam Russell', 0, 'Fintone', 0, '€2810,41', '€16875,49', 1, '40-209-8735', '€174,78', 50, 0, '0000-00-00'),
(49, 'Padberg, Lesch and Smitham', '6 Center Park', '40420 Leroy Place', 'EX9 7BQ', '55-(253)781-5641', '30-(181)897-6348', 'adixon1b@go.com', '1-(710)328-7713', 'Frank Watson', 'Andrew Dixon', 1, 'Fix San', 0, '€815,41', '€4984,53', 0, '38-132-7062', '€913,09', 35, 0, '0000-00-00'),
(50, 'Farrell Inc', '4 Fremont Plaza', '424 Petterle Circle', 'BN42 4HN', '63-(249)386-1276', '62-(306)876-5030', 'jgray1c@geocities.com', '62-(285)849-1370', 'Shawn Tucker', 'James Gray', 0, 'Namfix', 0, '€5542,50', '€5885,09', 1, '93-536-0048', '€957,36', 5, 0, '0000-00-00'),
(51, 'Ward, Wuckert and Welch', '276 Eagle Crest Avenue', '65833 Cardinal Trail', 'BD11 1LH', '240-(798)986-4272', '383-(203)494-8993', 'jwheeler1d@gizmodo.com', '86-(459)629-3614', 'Christopher Wallace', 'Joan Wheeler', 0, 'Lotlux', 0, '€5413,46', '€2464,55', 0, '17-579-7930', '€474,94', 23, 0, '0000-00-00');

-- --------------------------------------------------------

--
-- Tabelstructuur voor tabel `tbl_invoices`
--

CREATE TABLE IF NOT EXISTS `tbl_invoices` (
  `invoice_id` int(11) NOT NULL AUTO_INCREMENT,
  `project_id` int(11) NOT NULL,
  `invoice_nr` int(14) NOT NULL,
  `price` varchar(255) NOT NULL,
  `tax` int(2) NOT NULL,
  `total` varchar(255) NOT NULL,
  `paid` tinyint(1) NOT NULL,
  PRIMARY KEY (`invoice_id`),
  KEY `project_id` (`project_id`)
) ENGINE=InnoDB  DEFAULT CHARSET=latin1 AUTO_INCREMENT=601 ;

--
-- Gegevens worden geëxporteerd voor tabel `tbl_invoices`
--

INSERT INTO `tbl_invoices` (`invoice_id`, `project_id`, `invoice_nr`, `price`, `tax`, `total`, `paid`) VALUES
(1, 41, 88, '€49,66', 21, '€1989,60', 1),
(2, 29, 44, '€74,52', 21, '€7691,53', 0),
(3, 14, 18, '€45,92', 21, '€2388,73', 0),
(4, 200, 18, '€30,50', 21, '€2351,81', 0),
(5, 84, 26, '€30,05', 21, '€9608,55', 1),
(6, 146, 1, '€59,72', 21, '€3435,45', 0),
(7, 113, 18, '€92,22', 21, '€1868,66', 1),
(8, 145, 32, '€97,62', 21, '€9002,36', 1),
(9, 110, 49, '€55,67', 21, '€3616,81', 0),
(10, 122, 7, '€17,90', 21, '€1645,36', 1),
(11, 3, 9, '€17,50', 21, '€2590,61', 1),
(12, 71, 27, '€30,41', 21, '€2497,87', 1),
(13, 18, 2, '€44,22', 21, '€9834,73', 1),
(14, 88, 30, '€75,82', 21, '€6914,76', 1),
(15, 96, 19, '€86,17', 21, '€8584,77', 0),
(16, 131, 79, '€79,33', 21, '€3695,53', 0),
(17, 164, 61, '€91,98', 21, '€7613,00', 1),
(18, 140, 86, '€56,82', 21, '€4457,31', 1),
(19, 170, 70, '€35,70', 21, '€9216,63', 1),
(20, 139, 58, '€86,10', 21, '€1723,56', 1),
(21, 120, 3, '€66,20', 21, '€5672,66', 1),
(22, 187, 10, '€71,21', 21, '€6654,89', 0),
(23, 104, 22, '€83,25', 21, '€3271,99', 1),
(24, 35, 50, '€65,53', 21, '€2282,66', 0),
(25, 152, 60, '€17,58', 21, '€5813,98', 1),
(26, 70, 78, '€85,24', 21, '€2598,29', 0),
(27, 35, 32, '€5,60', 21, '€8996,75', 0),
(28, 11, 33, '€91,23', 21, '€1671,98', 1),
(29, 198, 68, '€90,00', 21, '€7057,88', 0),
(30, 34, 45, '€18,49', 21, '€2661,73', 0),
(31, 131, 2, '€19,23', 21, '€3141,15', 0),
(32, 172, 49, '€76,10', 21, '€3494,75', 0),
(33, 169, 11, '€74,16', 21, '€2375,38', 0),
(34, 184, 76, '€87,54', 21, '€614,16', 1),
(35, 130, 42, '€25,67', 21, '€8282,23', 0),
(36, 38, 22, '€58,75', 21, '€6151,11', 1),
(37, 152, 51, '€65,70', 21, '€1321,25', 1),
(38, 84, 64, '€82,31', 21, '€6709,95', 1),
(39, 138, 2, '€32,29', 21, '€2932,92', 0),
(40, 177, 46, '€22,10', 21, '€3300,47', 1),
(41, 92, 57, '€11,89', 21, '€4191,47', 1),
(42, 8, 82, '€38,86', 21, '€785,21', 0),
(43, 81, 85, '€41,90', 21, '€8639,60', 1),
(44, 110, 27, '€70,62', 21, '€661,46', 0),
(45, 199, 5, '€61,61', 21, '€2408,24', 1),
(46, 69, 48, '€90,50', 21, '€3519,27', 1),
(47, 30, 26, '€64,56', 21, '€8726,72', 1),
(48, 23, 21, '€96,45', 21, '€9002,58', 0),
(49, 8, 99, '€57,85', 21, '€7066,43', 0),
(50, 84, 70, '€9,33', 21, '€653,52', 1),
(51, 129, 80, '€6,72', 21, '€1811,57', 1),
(52, 166, 9, '€58,15', 21, '€5977,91', 1),
(53, 148, 22, '€35,14', 21, '€5312,38', 1),
(54, 190, 6, '€90,41', 21, '€1392,77', 0),
(55, 162, 68, '€12,11', 21, '€7685,96', 0),
(56, 29, 54, '€29,10', 21, '€9300,19', 0),
(57, 90, 30, '€10,95', 21, '€7538,65', 0),
(58, 179, 17, '€77,14', 21, '€1898,33', 0),
(59, 118, 60, '€84,41', 21, '€8380,66', 1),
(60, 192, 14, '€46,03', 21, '€4952,50', 0),
(61, 36, 81, '€97,30', 21, '€7081,23', 0),
(62, 157, 33, '€87,30', 21, '€504,08', 1),
(63, 21, 92, '€18,21', 21, '€5205,26', 0),
(64, 48, 87, '€84,47', 21, '€1176,95', 0),
(65, 103, 80, '€18,03', 21, '€5375,72', 0),
(66, 102, 99, '€46,77', 21, '€8895,93', 0),
(67, 1, 9, '€80,68', 21, '€7884,52', 0),
(68, 25, 15, '€70,78', 21, '€1484,23', 1),
(69, 191, 75, '€22,19', 21, '€3394,04', 1),
(70, 80, 49, '€29,85', 21, '€6516,68', 0),
(71, 119, 23, '€23,20', 21, '€4662,26', 0),
(72, 48, 5, '€11,49', 21, '€8638,81', 1),
(73, 126, 42, '€99,43', 21, '€2045,23', 0),
(74, 3, 64, '€68,91', 21, '€8146,91', 1),
(75, 115, 70, '€53,24', 21, '€676,30', 0),
(76, 123, 55, '€57,29', 21, '€9924,12', 1),
(77, 132, 78, '€14,88', 21, '€2913,39', 1),
(78, 176, 60, '€85,11', 21, '€7055,51', 1),
(79, 127, 37, '€17,81', 21, '€7503,10', 0),
(80, 162, 92, '€65,17', 21, '€4560,68', 1),
(81, 58, 31, '€95,02', 21, '€4424,84', 1),
(82, 106, 24, '€49,77', 21, '€8779,41', 1),
(83, 184, 66, '€69,64', 21, '€5289,95', 1),
(84, 170, 79, '€43,98', 21, '€1279,08', 0),
(85, 130, 71, '€92,60', 21, '€1371,64', 1),
(86, 189, 83, '€19,56', 21, '€5758,95', 1),
(87, 157, 83, '€18,31', 21, '€8150,37', 1),
(88, 148, 20, '€59,91', 21, '€969,21', 1),
(89, 60, 97, '€31,08', 21, '€536,88', 1),
(90, 161, 42, '€15,76', 21, '€6983,17', 0),
(91, 130, 56, '€60,76', 21, '€4925,03', 0),
(92, 15, 12, '€5,65', 21, '€4997,59', 0),
(93, 107, 35, '€51,22', 21, '€5378,42', 1),
(94, 180, 65, '€53,39', 21, '€6462,88', 1),
(95, 139, 8, '€77,28', 21, '€3140,97', 1),
(96, 121, 6, '€57,90', 21, '€6215,37', 1),
(97, 130, 79, '€24,02', 21, '€2033,55', 0),
(98, 47, 50, '€63,19', 21, '€7238,54', 1),
(99, 163, 55, '€64,27', 21, '€2259,71', 0),
(100, 98, 65, '€19,94', 21, '€5885,94', 0),
(101, 145, 22, '€80,08', 21, '€9136,29', 1),
(102, 52, 94, '€57,26', 21, '€3758,91', 0),
(103, 133, 31, '€36,91', 21, '€5319,76', 1),
(104, 194, 65, '€36,15', 21, '€4877,62', 1),
(105, 158, 21, '€89,44', 21, '€3998,87', 0),
(106, 97, 64, '€44,75', 21, '€4324,20', 1),
(107, 83, 63, '€11,62', 21, '€5973,67', 1),
(108, 55, 5, '€99,40', 21, '€5693,51', 0),
(109, 124, 71, '€7,58', 21, '€9349,29', 1),
(110, 27, 37, '€73,76', 21, '€919,14', 0),
(111, 98, 38, '€27,66', 21, '€8836,13', 0),
(112, 44, 39, '€78,52', 21, '€5106,32', 1),
(113, 181, 69, '€99,78', 21, '€4142,91', 1),
(114, 19, 42, '€28,02', 21, '€1871,23', 0),
(115, 143, 2, '€87,88', 21, '€4951,84', 1),
(116, 115, 30, '€29,75', 21, '€4123,81', 0),
(117, 196, 9, '€22,23', 21, '€9275,66', 0),
(118, 11, 59, '€40,42', 21, '€8254,03', 0),
(119, 78, 97, '€38,23', 21, '€4755,23', 0),
(120, 106, 6, '€53,52', 21, '€2840,90', 1),
(121, 117, 44, '€51,49', 21, '€4769,40', 1),
(122, 125, 6, '€62,70', 21, '€4152,92', 1),
(123, 85, 94, '€79,54', 21, '€586,00', 1),
(124, 199, 49, '€99,55', 21, '€4256,52', 1),
(125, 168, 13, '€78,72', 21, '€2628,68', 1),
(126, 155, 13, '€23,09', 21, '€7788,77', 0),
(127, 62, 25, '€58,43', 21, '€2472,48', 0),
(128, 158, 6, '€12,53', 21, '€8551,92', 1),
(129, 139, 30, '€67,24', 21, '€4252,02', 1),
(130, 27, 26, '€75,02', 21, '€4435,68', 0),
(131, 108, 86, '€69,06', 21, '€9257,98', 1),
(132, 73, 36, '€33,23', 21, '€9405,59', 1),
(133, 180, 11, '€91,44', 21, '€7044,41', 1),
(134, 64, 74, '€42,94', 21, '€3693,43', 1),
(135, 61, 57, '€69,87', 21, '€9607,71', 0),
(136, 182, 24, '€68,55', 21, '€3367,35', 0),
(137, 135, 43, '€95,97', 21, '€8906,40', 0),
(138, 175, 13, '€5,25', 21, '€2023,36', 0),
(139, 119, 72, '€70,16', 21, '€7464,36', 1),
(140, 159, 91, '€18,19', 21, '€5952,95', 0),
(141, 197, 92, '€48,53', 21, '€8556,72', 1),
(142, 134, 29, '€99,48', 21, '€2046,23', 1),
(143, 72, 87, '€83,05', 21, '€3234,07', 0),
(144, 189, 87, '€9,43', 21, '€9273,41', 0),
(145, 141, 99, '€45,88', 21, '€4114,92', 1),
(146, 151, 93, '€30,31', 21, '€7206,56', 0),
(147, 168, 22, '€21,95', 21, '€5228,44', 1),
(148, 177, 90, '€75,77', 21, '€8489,60', 1),
(149, 48, 60, '€21,85', 21, '€9935,36', 1),
(150, 110, 14, '€37,79', 21, '€6511,23', 0),
(151, 10, 74, '€34,82', 21, '€1934,20', 1),
(152, 77, 18, '€84,31', 21, '€4502,49', 1),
(153, 119, 35, '€89,13', 21, '€2146,78', 0),
(154, 75, 1, '€76,56', 21, '€9168,22', 1),
(155, 86, 19, '€90,09', 21, '€3964,22', 0),
(156, 137, 22, '€18,95', 21, '€9110,32', 1),
(157, 78, 54, '€79,46', 21, '€4700,61', 1),
(158, 34, 7, '€81,38', 21, '€2719,13', 0),
(159, 31, 34, '€89,61', 21, '€4171,80', 1),
(160, 19, 81, '€45,84', 21, '€3890,58', 0),
(161, 129, 51, '€37,14', 21, '€2417,43', 1),
(162, 117, 98, '€17,71', 21, '€7450,55', 0),
(163, 41, 17, '€58,80', 21, '€1999,06', 1),
(164, 55, 86, '€92,04', 21, '€7442,17', 1),
(165, 5, 42, '€53,61', 21, '€7766,24', 0),
(166, 58, 40, '€22,91', 21, '€3235,73', 1),
(167, 49, 79, '€44,15', 21, '€6768,54', 0),
(168, 170, 79, '€66,43', 21, '€5499,48', 0),
(169, 105, 54, '€31,73', 21, '€4855,63', 1),
(170, 171, 30, '€24,18', 21, '€8008,21', 1),
(171, 136, 7, '€86,58', 21, '€1116,34', 1),
(172, 24, 70, '€93,71', 21, '€2939,85', 0),
(173, 89, 54, '€14,22', 21, '€3417,61', 1),
(174, 107, 24, '€78,61', 21, '€614,41', 1),
(175, 68, 57, '€60,20', 21, '€6590,69', 1),
(176, 187, 53, '€60,74', 21, '€3843,16', 1),
(177, 13, 34, '€13,59', 21, '€6130,24', 1),
(178, 70, 95, '€16,52', 21, '€4192,66', 0),
(179, 130, 82, '€96,61', 21, '€3573,75', 1),
(180, 187, 84, '€95,48', 21, '€3281,65', 0),
(181, 151, 1, '€28,52', 21, '€8162,69', 1),
(182, 95, 2, '€90,83', 21, '€4065,82', 0),
(183, 176, 52, '€79,46', 21, '€1938,69', 1),
(184, 46, 76, '€47,20', 21, '€9028,82', 1),
(185, 14, 3, '€70,46', 21, '€5793,47', 1),
(186, 162, 72, '€63,15', 21, '€1149,62', 1),
(187, 198, 28, '€72,43', 21, '€4537,85', 1),
(188, 61, 78, '€61,06', 21, '€8095,64', 0),
(189, 51, 7, '€94,19', 21, '€1923,83', 1),
(190, 114, 56, '€93,87', 21, '€4248,19', 1),
(191, 27, 97, '€46,16', 21, '€9715,41', 0),
(192, 3, 32, '€16,81', 21, '€2460,35', 0),
(193, 74, 95, '€76,00', 21, '€6851,45', 1),
(194, 10, 9, '€20,68', 21, '€2380,42', 1),
(195, 18, 5, '€73,32', 21, '€3227,41', 1),
(196, 70, 36, '€64,29', 21, '€4449,95', 0),
(197, 15, 76, '€18,45', 21, '€8463,04', 0),
(198, 176, 40, '€29,71', 21, '€4282,79', 0),
(199, 185, 68, '€29,93', 21, '€7082,04', 0),
(200, 120, 99, '€83,57', 21, '€8414,63', 0),
(201, 170, 33, '€56,44', 21, '€7617,22', 1),
(202, 29, 30, '€94,88', 21, '€631,36', 1),
(203, 121, 96, '€74,19', 21, '€6996,01', 0),
(204, 166, 97, '€34,19', 21, '€1224,70', 1),
(205, 181, 25, '€67,15', 21, '€6814,34', 1),
(206, 150, 79, '€36,48', 21, '€8871,08', 1),
(207, 80, 56, '€73,80', 21, '€1927,21', 0),
(208, 32, 87, '€20,12', 21, '€4695,36', 0),
(209, 35, 68, '€37,63', 21, '€5966,06', 0),
(210, 10, 4, '€22,81', 21, '€8880,60', 0),
(211, 75, 45, '€18,15', 21, '€3900,15', 0),
(212, 7, 70, '€99,63', 21, '€7134,86', 1),
(213, 84, 92, '€84,46', 21, '€1532,57', 0),
(214, 81, 89, '€27,27', 21, '€4739,85', 0),
(215, 144, 27, '€84,77', 21, '€5169,45', 1),
(216, 99, 8, '€71,83', 21, '€6971,82', 0),
(217, 194, 47, '€23,32', 21, '€885,07', 1),
(218, 58, 6, '€81,21', 21, '€906,97', 1),
(219, 107, 3, '€31,05', 21, '€1772,40', 0),
(220, 61, 68, '€97,83', 21, '€3202,08', 0),
(221, 57, 22, '€77,71', 21, '€930,86', 0),
(222, 157, 57, '€23,07', 21, '€4900,42', 0),
(223, 17, 20, '€38,17', 21, '€3948,37', 0),
(224, 142, 22, '€11,18', 21, '€1270,05', 1),
(225, 89, 76, '€60,77', 21, '€6005,52', 0),
(226, 69, 30, '€78,42', 21, '€2976,46', 1),
(227, 78, 31, '€17,87', 21, '€1091,24', 1),
(228, 142, 19, '€87,34', 21, '€9519,31', 0),
(229, 103, 59, '€17,07', 21, '€6481,14', 0),
(230, 24, 95, '€53,52', 21, '€8027,74', 1),
(231, 114, 24, '€91,32', 21, '€3784,00', 1),
(232, 73, 43, '€87,70', 21, '€4886,09', 1),
(233, 113, 84, '€86,42', 21, '€1061,73', 1),
(234, 134, 13, '€62,41', 21, '€6651,34', 1),
(235, 188, 47, '€42,56', 21, '€4382,39', 1),
(236, 35, 21, '€23,42', 21, '€6056,50', 0),
(237, 129, 5, '€36,83', 21, '€6503,79', 0),
(238, 95, 69, '€34,86', 21, '€5281,25', 1),
(239, 85, 95, '€71,70', 21, '€7603,74', 0),
(240, 94, 72, '€15,46', 21, '€5651,90', 1),
(241, 199, 45, '€30,09', 21, '€6788,64', 0),
(242, 78, 83, '€83,18', 21, '€1172,66', 0),
(243, 52, 57, '€82,13', 21, '€1239,46', 0),
(244, 154, 37, '€19,36', 21, '€9023,65', 1),
(245, 19, 13, '€20,07', 21, '€4287,40', 0),
(246, 85, 81, '€68,87', 21, '€4952,24', 1),
(247, 102, 93, '€28,24', 21, '€4670,00', 0),
(248, 58, 44, '€91,57', 21, '€3590,91', 0),
(249, 95, 93, '€13,42', 21, '€6443,28', 1),
(250, 156, 26, '€53,68', 21, '€4646,15', 0),
(251, 130, 76, '€40,05', 21, '€7170,14', 0),
(252, 200, 13, '€60,29', 21, '€3864,74', 1),
(253, 12, 47, '€57,67', 21, '€2372,06', 0),
(254, 193, 74, '€74,99', 21, '€3429,14', 0),
(255, 92, 9, '€75,80', 21, '€1665,06', 1),
(256, 70, 78, '€77,22', 21, '€1288,29', 0),
(257, 46, 9, '€42,50', 21, '€3774,13', 1),
(258, 179, 95, '€24,19', 21, '€1391,89', 1),
(259, 175, 79, '€19,68', 21, '€5150,75', 0),
(260, 121, 17, '€30,24', 21, '€2617,15', 0),
(261, 41, 83, '€6,48', 21, '€899,65', 0),
(262, 163, 58, '€33,31', 21, '€766,45', 1),
(263, 112, 27, '€10,48', 21, '€1976,17', 0),
(264, 66, 76, '€55,06', 21, '€9518,21', 1),
(265, 103, 74, '€12,92', 21, '€5362,20', 1),
(266, 146, 86, '€56,73', 21, '€5123,92', 1),
(267, 189, 19, '€85,39', 21, '€2377,16', 0),
(268, 118, 46, '€99,97', 21, '€2619,49', 0),
(269, 40, 87, '€84,09', 21, '€7996,15', 1),
(270, 132, 83, '€83,49', 21, '€4882,06', 0),
(271, 5, 52, '€9,62', 21, '€3188,80', 0),
(272, 99, 35, '€55,01', 21, '€5062,94', 0),
(273, 118, 36, '€60,50', 21, '€9565,25', 1),
(274, 152, 5, '€84,73', 21, '€2349,80', 1),
(275, 140, 79, '€59,79', 21, '€7952,03', 1),
(276, 32, 79, '€76,71', 21, '€4880,45', 1),
(277, 157, 32, '€16,50', 21, '€5028,30', 1),
(278, 59, 23, '€87,99', 21, '€3297,29', 1),
(279, 160, 9, '€78,82', 21, '€3529,09', 1),
(280, 22, 65, '€40,37', 21, '€9404,12', 0),
(281, 58, 90, '€40,49', 21, '€529,98', 1),
(282, 40, 87, '€37,94', 21, '€9147,46', 0),
(283, 82, 4, '€15,97', 21, '€1000,86', 1),
(284, 96, 17, '€5,24', 21, '€3164,93', 0),
(285, 41, 21, '€14,06', 21, '€7337,32', 1),
(286, 196, 75, '€93,81', 21, '€6976,48', 1),
(287, 11, 33, '€63,80', 21, '€8012,91', 1),
(288, 75, 63, '€71,13', 21, '€5516,50', 1),
(289, 71, 79, '€18,76', 21, '€4263,50', 1),
(290, 28, 31, '€10,10', 21, '€2016,92', 1),
(291, 24, 77, '€93,04', 21, '€6730,44', 0),
(292, 81, 75, '€94,10', 21, '€5961,88', 1),
(293, 188, 27, '€15,04', 21, '€8118,83', 0),
(294, 103, 94, '€55,16', 21, '€9301,56', 1),
(295, 177, 93, '€33,68', 21, '€1612,61', 0),
(296, 135, 69, '€92,76', 21, '€9048,63', 1),
(297, 147, 47, '€91,42', 21, '€4329,21', 1),
(298, 115, 56, '€69,31', 21, '€734,44', 1),
(299, 54, 16, '€43,24', 21, '€7519,53', 0),
(300, 18, 69, '€38,39', 21, '€2747,07', 0),
(301, 60, 30, '€44,62', 21, '€7385,13', 0),
(302, 52, 99, '€20,63', 21, '€5566,84', 1),
(303, 199, 86, '€19,06', 21, '€5482,04', 1),
(304, 182, 39, '€46,19', 21, '€4047,96', 0),
(305, 176, 22, '€24,71', 21, '€853,34', 0),
(306, 145, 89, '€48,99', 21, '€3331,00', 1),
(307, 66, 36, '€79,64', 21, '€522,55', 0),
(308, 138, 25, '€72,42', 21, '€8402,02', 1),
(309, 150, 64, '€55,10', 21, '€6058,61', 0),
(310, 181, 13, '€93,35', 21, '€6307,64', 1),
(311, 127, 93, '€95,33', 21, '€5995,01', 0),
(312, 55, 21, '€91,33', 21, '€9294,57', 1),
(313, 36, 8, '€77,95', 21, '€6615,94', 0),
(314, 101, 77, '€85,96', 21, '€4924,04', 1),
(315, 97, 11, '€61,99', 21, '€4986,13', 1),
(316, 152, 98, '€8,93', 21, '€8700,18', 1),
(317, 86, 88, '€38,18', 21, '€9507,15', 1),
(318, 55, 34, '€18,59', 21, '€4841,96', 1),
(319, 57, 54, '€53,42', 21, '€4534,02', 1),
(320, 168, 10, '€28,94', 21, '€4008,58', 0),
(321, 42, 94, '€39,06', 21, '€6170,66', 0),
(322, 108, 89, '€67,83', 21, '€1358,97', 1),
(323, 98, 57, '€25,37', 21, '€540,90', 1),
(324, 121, 46, '€9,14', 21, '€7413,55', 1),
(325, 79, 73, '€57,88', 21, '€3931,02', 1),
(326, 52, 38, '€93,14', 21, '€1088,58', 1),
(327, 78, 50, '€58,37', 21, '€6423,91', 1),
(328, 82, 87, '€55,05', 21, '€3052,86', 0),
(329, 5, 58, '€65,63', 21, '€9194,57', 1),
(330, 165, 32, '€68,64', 21, '€8790,87', 1),
(331, 182, 25, '€34,67', 21, '€8222,60', 1),
(332, 39, 24, '€96,56', 21, '€9171,15', 1),
(333, 64, 9, '€41,86', 21, '€1471,92', 1),
(334, 199, 96, '€31,90', 21, '€7300,28', 1),
(335, 70, 84, '€24,40', 21, '€3901,49', 0),
(336, 138, 45, '€96,53', 21, '€7627,35', 0),
(337, 112, 74, '€48,37', 21, '€1953,64', 1),
(338, 74, 65, '€68,75', 21, '€8212,17', 0),
(339, 32, 7, '€87,25', 21, '€3396,86', 1),
(340, 151, 43, '€79,99', 21, '€3017,54', 0),
(341, 65, 71, '€88,43', 21, '€1965,03', 0),
(342, 135, 75, '€88,12', 21, '€2221,28', 0),
(343, 100, 44, '€67,94', 21, '€5553,83', 0),
(344, 97, 59, '€20,46', 21, '€2217,18', 0),
(345, 176, 52, '€54,28', 21, '€2715,76', 0),
(346, 86, 34, '€79,85', 21, '€2633,41', 0),
(347, 181, 35, '€70,66', 21, '€6070,65', 0),
(348, 4, 76, '€31,61', 21, '€8721,72', 0),
(349, 138, 95, '€48,64', 21, '€8687,79', 0),
(350, 30, 17, '€18,50', 21, '€8566,15', 0),
(351, 145, 52, '€79,86', 21, '€6203,37', 0),
(352, 110, 60, '€83,97', 21, '€9944,29', 0),
(353, 107, 0, '€89,03', 21, '€8093,26', 0),
(354, 15, 75, '€58,20', 21, '€9139,18', 0),
(355, 59, 44, '€74,83', 21, '€5107,68', 0),
(356, 30, 69, '€25,34', 21, '€6339,60', 0),
(357, 130, 91, '€42,03', 21, '€8137,18', 0),
(358, 23, 31, '€36,15', 21, '€2412,24', 1),
(359, 41, 69, '€50,16', 21, '€7597,37', 1),
(360, 145, 4, '€16,69', 21, '€2947,03', 0),
(361, 108, 18, '€57,72', 21, '€6654,65', 1),
(362, 73, 23, '€7,78', 21, '€5909,22', 1),
(363, 159, 77, '€46,80', 21, '€2536,45', 1),
(364, 110, 94, '€26,19', 21, '€9010,56', 1),
(365, 17, 88, '€84,88', 21, '€6567,54', 0),
(366, 189, 90, '€17,54', 21, '€8819,44', 0),
(367, 73, 22, '€96,16', 21, '€3347,32', 1),
(368, 134, 3, '€7,86', 21, '€3152,65', 0),
(369, 57, 1, '€71,27', 21, '€3226,70', 0),
(370, 91, 61, '€54,95', 21, '€5638,23', 1),
(371, 40, 68, '€15,44', 21, '€6761,60', 1),
(372, 27, 16, '€47,21', 21, '€3520,17', 1),
(373, 60, 1, '€81,32', 21, '€7753,86', 1),
(374, 74, 63, '€8,33', 21, '€1970,53', 0),
(375, 26, 6, '€87,13', 21, '€7117,19', 1),
(376, 113, 66, '€47,19', 21, '€819,56', 0),
(377, 88, 62, '€35,96', 21, '€3138,65', 1),
(378, 50, 60, '€45,61', 21, '€941,11', 1),
(379, 122, 80, '€27,33', 21, '€1614,54', 0),
(380, 44, 11, '€19,42', 21, '€2770,81', 1),
(381, 48, 22, '€97,98', 21, '€9783,62', 0),
(382, 16, 4, '€94,06', 21, '€3934,95', 1),
(383, 109, 36, '€86,40', 21, '€6112,88', 0),
(384, 52, 20, '€26,49', 21, '€6155,07', 0),
(385, 87, 47, '€77,33', 21, '€3203,42', 1),
(386, 178, 48, '€57,04', 21, '€9888,26', 0),
(387, 58, 50, '€21,90', 21, '€9861,86', 1),
(388, 189, 25, '€83,57', 21, '€4385,55', 1),
(389, 168, 9, '€77,19', 21, '€2810,67', 1),
(390, 20, 64, '€13,33', 21, '€9522,25', 0),
(391, 96, 5, '€13,29', 21, '€2443,74', 1),
(392, 141, 73, '€61,53', 21, '€6284,19', 1),
(393, 136, 78, '€75,30', 21, '€1138,68', 0),
(394, 138, 13, '€63,32', 21, '€3945,16', 1),
(395, 90, 34, '€69,48', 21, '€8924,92', 1),
(396, 91, 39, '€76,82', 21, '€9975,59', 1),
(397, 159, 34, '€71,44', 21, '€6863,85', 0),
(398, 75, 74, '€30,30', 21, '€1087,35', 1),
(399, 150, 54, '€96,78', 21, '€5714,07', 1),
(400, 86, 96, '€94,90', 21, '€4430,08', 0),
(401, 145, 48, '€63,38', 21, '€9661,58', 1),
(402, 180, 29, '€60,10', 21, '€4653,52', 1),
(403, 99, 14, '€28,16', 21, '€6677,30', 1),
(404, 197, 53, '€97,71', 21, '€9566,03', 1),
(405, 10, 74, '€71,06', 21, '€4354,93', 1),
(406, 179, 59, '€64,60', 21, '€4911,65', 1),
(407, 68, 17, '€85,46', 21, '€2535,60', 0),
(408, 182, 2, '€83,52', 21, '€6569,44', 1),
(409, 128, 96, '€40,37', 21, '€5352,38', 1),
(410, 181, 45, '€97,64', 21, '€8489,68', 1),
(411, 108, 22, '€66,95', 21, '€7612,76', 0),
(412, 89, 90, '€81,34', 21, '€7094,84', 1),
(413, 102, 80, '€15,59', 21, '€7860,12', 1),
(414, 97, 90, '€32,11', 21, '€6720,83', 1),
(415, 198, 72, '€46,74', 21, '€8268,59', 1),
(416, 175, 67, '€45,80', 21, '€3928,67', 1),
(417, 70, 21, '€32,11', 21, '€7201,87', 1),
(418, 74, 23, '€70,27', 21, '€1527,71', 1),
(419, 142, 50, '€24,59', 21, '€7171,82', 1),
(420, 100, 29, '€99,45', 21, '€2895,36', 0),
(421, 25, 12, '€42,79', 21, '€9310,19', 0),
(422, 94, 80, '€95,91', 21, '€9392,01', 0),
(423, 169, 62, '€31,62', 21, '€7601,72', 1),
(424, 188, 65, '€55,28', 21, '€8811,76', 0),
(425, 16, 33, '€98,71', 21, '€4422,11', 0),
(426, 47, 2, '€57,17', 21, '€580,20', 1),
(427, 128, 92, '€66,58', 21, '€6399,95', 0),
(428, 71, 31, '€92,07', 21, '€7386,37', 0),
(429, 75, 95, '€69,76', 21, '€626,94', 1),
(430, 191, 99, '€65,73', 21, '€1405,24', 1),
(431, 106, 76, '€69,66', 21, '€1053,85', 0),
(432, 154, 70, '€45,35', 21, '€2365,82', 0),
(433, 76, 21, '€59,26', 21, '€8771,08', 1),
(434, 22, 4, '€79,44', 21, '€3218,04', 0),
(435, 174, 45, '€27,96', 21, '€8275,16', 0),
(436, 151, 84, '€21,68', 21, '€1801,29', 0),
(437, 1, 63, '€57,81', 21, '€9958,25', 1),
(438, 133, 9, '€76,33', 21, '€5038,39', 0),
(439, 158, 59, '€83,72', 21, '€2034,31', 1),
(440, 77, 55, '€53,69', 21, '€1291,59', 0),
(441, 98, 39, '€56,25', 21, '€1139,33', 1),
(442, 83, 83, '€73,98', 21, '€1168,43', 1),
(443, 109, 34, '€86,65', 21, '€2335,90', 1),
(444, 122, 32, '€58,89', 21, '€5180,31', 0),
(445, 82, 29, '€41,69', 21, '€3524,34', 1),
(446, 139, 35, '€89,23', 21, '€6103,73', 0),
(447, 22, 8, '€29,29', 21, '€8164,54', 1),
(448, 152, 98, '€97,22', 21, '€1638,81', 1),
(449, 162, 55, '€26,33', 21, '€3847,96', 0),
(450, 136, 19, '€49,18', 21, '€9887,90', 0),
(451, 93, 30, '€10,43', 21, '€7820,83', 0),
(452, 28, 52, '€79,21', 21, '€7250,03', 1),
(453, 166, 94, '€89,06', 21, '€4409,70', 0),
(454, 143, 71, '€49,69', 21, '€4430,55', 0),
(455, 22, 69, '€13,10', 21, '€6271,95', 1),
(456, 173, 25, '€97,32', 21, '€9066,91', 0),
(457, 179, 33, '€87,30', 21, '€4411,03', 1),
(458, 117, 87, '€51,64', 21, '€6449,54', 1),
(459, 142, 56, '€9,81', 21, '€6172,36', 0),
(460, 193, 77, '€40,33', 21, '€1971,54', 1),
(461, 125, 36, '€21,71', 21, '€6431,85', 1),
(462, 169, 70, '€93,65', 21, '€6189,02', 1),
(463, 128, 54, '€25,87', 21, '€7712,84', 0),
(464, 82, 99, '€59,18', 21, '€5813,84', 1),
(465, 174, 6, '€94,64', 21, '€1476,68', 1),
(466, 2, 11, '€39,57', 21, '€2521,07', 1),
(467, 132, 24, '€75,74', 21, '€799,26', 1),
(468, 109, 27, '€62,46', 21, '€8857,73', 1),
(469, 11, 24, '€57,19', 21, '€2468,60', 1),
(470, 161, 20, '€70,01', 21, '€822,53', 1),
(471, 153, 91, '€27,19', 21, '€2579,09', 0),
(472, 47, 35, '€29,06', 21, '€2900,79', 1),
(473, 121, 83, '€98,16', 21, '€7712,04', 1),
(474, 78, 1, '€19,68', 21, '€2894,90', 1),
(475, 126, 23, '€19,34', 21, '€7732,72', 0),
(476, 16, 52, '€75,60', 21, '€6296,34', 1),
(477, 145, 57, '€15,11', 21, '€935,43', 1),
(478, 79, 81, '€44,43', 21, '€2837,85', 1),
(479, 129, 91, '€11,71', 21, '€5593,95', 1),
(480, 34, 71, '€39,55', 21, '€2055,78', 1),
(481, 105, 3, '€50,83', 21, '€7280,48', 0),
(482, 75, 89, '€90,22', 21, '€4551,48', 1),
(483, 92, 25, '€22,09', 21, '€9765,65', 1),
(484, 65, 77, '€35,53', 21, '€8399,11', 1),
(485, 76, 37, '€20,96', 21, '€2280,61', 0),
(486, 181, 19, '€46,96', 21, '€1500,25', 1),
(487, 177, 93, '€52,98', 21, '€8535,41', 0),
(488, 19, 62, '€86,05', 21, '€6001,73', 0),
(489, 94, 81, '€30,88', 21, '€6258,11', 1),
(490, 42, 34, '€42,84', 21, '€518,81', 1),
(491, 21, 57, '€18,68', 21, '€1810,33', 1),
(492, 77, 1, '€40,10', 21, '€8791,81', 1),
(493, 156, 86, '€42,81', 21, '€992,90', 0),
(494, 158, 39, '€30,95', 21, '€7366,66', 0),
(495, 92, 77, '€94,00', 21, '€1760,04', 1),
(496, 107, 9, '€50,71', 21, '€2920,13', 1),
(497, 140, 93, '€30,76', 21, '€5223,17', 1),
(498, 64, 81, '€30,06', 21, '€6851,08', 1),
(499, 64, 79, '€54,84', 21, '€3767,50', 1),
(500, 28, 58, '€66,33', 21, '€2484,83', 1),
(501, 45, 75, '€8,90', 21, '€8550,34', 1),
(502, 200, 49, '€64,87', 21, '€4489,50', 0),
(503, 153, 58, '€77,98', 21, '€6348,03', 0),
(504, 172, 31, '€86,62', 21, '€8334,59', 0),
(505, 79, 32, '€93,22', 21, '€7984,68', 1),
(506, 131, 81, '€68,47', 21, '€6539,56', 1),
(507, 55, 33, '€56,91', 21, '€4887,98', 0),
(508, 173, 37, '€62,23', 21, '€8606,53', 0),
(509, 3, 31, '€45,63', 21, '€1497,50', 1),
(510, 49, 83, '€57,33', 21, '€9173,40', 1),
(511, 70, 25, '€74,02', 21, '€6279,75', 1),
(512, 152, 84, '€8,90', 21, '€2242,70', 1),
(513, 75, 87, '€20,58', 21, '€2611,89', 0),
(514, 10, 38, '€27,13', 21, '€2024,85', 1),
(515, 75, 57, '€29,21', 21, '€3509,67', 1),
(516, 166, 92, '€36,34', 21, '€8565,11', 1),
(517, 93, 19, '€13,77', 21, '€2259,57', 1),
(518, 123, 20, '€98,20', 21, '€3663,21', 0),
(519, 179, 40, '€5,89', 21, '€5821,02', 0),
(520, 170, 90, '€46,37', 21, '€3017,97', 0),
(521, 125, 7, '€70,22', 21, '€3202,58', 1),
(522, 108, 40, '€37,87', 21, '€1059,59', 1),
(523, 143, 44, '€82,04', 21, '€8285,52', 0),
(524, 164, 75, '€83,00', 21, '€3779,68', 0),
(525, 146, 33, '€73,64', 21, '€9292,94', 0),
(526, 47, 62, '€31,98', 21, '€2082,79', 0),
(527, 179, 62, '€77,44', 21, '€2216,71', 0),
(528, 134, 56, '€6,79', 21, '€9654,93', 1),
(529, 174, 18, '€20,23', 21, '€2646,15', 1),
(530, 94, 84, '€11,50', 21, '€9577,45', 1),
(531, 64, 5, '€98,21', 21, '€995,99', 1),
(532, 41, 69, '€41,28', 21, '€5759,58', 0),
(533, 31, 5, '€41,49', 21, '€2978,63', 1),
(534, 14, 77, '€16,84', 21, '€1327,72', 1),
(535, 122, 65, '€20,50', 21, '€2766,07', 1),
(536, 185, 48, '€58,97', 21, '€4776,87', 0),
(537, 159, 23, '€43,77', 21, '€4016,47', 1),
(538, 80, 4, '€17,07', 21, '€5545,29', 0),
(539, 84, 15, '€24,36', 21, '€2113,73', 0),
(540, 73, 63, '€36,01', 21, '€2662,01', 1),
(541, 122, 98, '€68,45', 21, '€1799,60', 1),
(542, 5, 31, '€16,53', 21, '€2589,21', 1),
(543, 44, 55, '€80,26', 21, '€4476,93', 0),
(544, 165, 49, '€22,44', 21, '€8104,14', 1),
(545, 13, 94, '€18,22', 21, '€1641,52', 1),
(546, 42, 42, '€5,83', 21, '€585,09', 0),
(547, 195, 85, '€49,48', 21, '€2341,88', 0),
(548, 106, 9, '€58,85', 21, '€2146,37', 1),
(549, 131, 37, '€48,16', 21, '€6946,34', 1),
(550, 128, 45, '€46,95', 21, '€7367,11', 1),
(551, 121, 24, '€21,44', 21, '€4253,57', 0),
(552, 36, 46, '€88,53', 21, '€7138,24', 0),
(553, 184, 2, '€14,51', 21, '€9894,81', 1),
(554, 127, 83, '€85,54', 21, '€6212,74', 1),
(555, 2, 88, '€18,17', 21, '€4846,90', 0),
(556, 117, 42, '€94,00', 21, '€3263,70', 1),
(557, 173, 34, '€39,07', 21, '€7269,12', 1),
(558, 107, 1, '€91,86', 21, '€9053,58', 0),
(559, 8, 30, '€74,96', 21, '€1196,40', 0),
(560, 121, 20, '€38,45', 21, '€7115,61', 0),
(561, 44, 42, '€81,13', 21, '€3456,91', 1),
(562, 25, 84, '€77,27', 21, '€8979,36', 0),
(563, 121, 32, '€42,40', 21, '€4641,86', 0),
(564, 124, 34, '€7,56', 21, '€3618,15', 0),
(565, 49, 23, '€81,12', 21, '€6942,21', 0),
(566, 35, 19, '€82,14', 21, '€7378,76', 1),
(567, 177, 1, '€19,98', 21, '€902,87', 0),
(568, 139, 27, '€70,06', 21, '€8678,48', 1),
(569, 49, 46, '€87,27', 21, '€4492,04', 0),
(570, 105, 35, '€23,11', 21, '€6194,90', 0),
(571, 25, 12, '€19,83', 21, '€5653,33', 0),
(572, 149, 2, '€35,66', 21, '€4057,41', 1),
(573, 94, 40, '€66,94', 21, '€8534,42', 0),
(574, 2, 81, '€78,66', 21, '€1158,83', 1),
(575, 45, 47, '€46,94', 21, '€7779,22', 1),
(576, 161, 75, '€38,06', 21, '€7520,46', 1),
(577, 34, 94, '€40,66', 21, '€4767,84', 1),
(578, 81, 71, '€37,30', 21, '€4362,05', 1),
(579, 144, 30, '€48,39', 21, '€8486,19', 0),
(580, 117, 48, '€72,67', 21, '€9521,47', 0),
(581, 107, 29, '€88,99', 21, '€5645,27', 1),
(582, 41, 17, '€5,84', 21, '€6669,09', 1),
(583, 177, 91, '€45,58', 21, '€8033,09', 0),
(584, 105, 28, '€37,06', 21, '€2177,93', 1),
(585, 46, 3, '€18,25', 21, '€9792,53', 0),
(586, 79, 66, '€54,92', 21, '€1655,23', 1),
(587, 131, 23, '€66,98', 21, '€3420,54', 0),
(588, 85, 84, '€48,08', 21, '€7874,47', 0),
(589, 140, 26, '€38,71', 21, '€9811,68', 0),
(590, 36, 94, '€67,47', 21, '€1947,62', 1),
(591, 140, 76, '€71,44', 21, '€4060,06', 0),
(592, 118, 61, '€86,51', 21, '€7335,98', 0),
(593, 140, 38, '€19,29', 21, '€2820,35', 0),
(594, 25, 90, '€25,82', 21, '€7349,14', 0),
(595, 138, 53, '€25,63', 21, '€2450,07', 1),
(596, 31, 56, '€76,68', 21, '€6044,78', 0),
(597, 102, 10, '€81,86', 21, '€3825,00', 1),
(598, 183, 2, '€7,58', 21, '€8665,13', 0),
(599, 71, 7, '€36,02', 21, '€7908,79', 1),
(600, 178, 51, '€7,28', 21, '€1832,25', 0);

-- --------------------------------------------------------

--
-- Tabelstructuur voor tabel `tbl_projects`
--

CREATE TABLE IF NOT EXISTS `tbl_projects` (
  `project_id` int(11) NOT NULL AUTO_INCREMENT,
  `customer_id` int(11) NOT NULL,
  `project_name` varchar(255) NOT NULL,
  `deadline` date NOT NULL,
  `hardware&software` text NOT NULL,
  `maintenance_contract` tinyint(1) NOT NULL,
  `description` text,
  PRIMARY KEY (`project_id`),
  KEY `customer_id` (`customer_id`)
) ENGINE=InnoDB  DEFAULT CHARSET=latin1 AUTO_INCREMENT=201 ;

--
-- Gegevens worden geëxporteerd voor tabel `tbl_projects`
--

INSERT INTO `tbl_projects` (`project_id`, `customer_id`, `project_name`, `deadline`, `hardware&software`, `maintenance_contract`, `description`) VALUES
(1, 6, 'hday0', '0000-00-00', 'vel ipsum praesent blandit lacinia erat vestibulum sed magna at nunc', 1, 'elit ac nulla sed vel enim sit amet nunc viverra dapibus nulla'),
(2, 44, 'llewis1', '0000-00-00', 'lacus at velit vivamus vel nulla eget eros elementum pellentesque', 0, 'ac tellus semper interdum mauris ullamcorper purus sit amet nulla quisque arcu libero rutrum ac lobortis'),
(3, 29, 'rboyd2', '0000-00-00', 'ipsum praesent blandit lacinia erat vestibulum sed magna at nunc commodo placerat praesent blandit nam nulla integer', 0, 'curabitur in libero ut massa volutpat convallis morbi odio odio elementum eu interdum eu tincidunt in leo'),
(4, 10, 'kturner3', '0000-00-00', 'leo odio condimentum id luctus nec molestie sed justo pellentesque viverra pede ac', 0, 'lectus in quam fringilla rhoncus mauris enim leo rhoncus sed vestibulum sit'),
(5, 8, 'tkelly4', '0000-00-00', 'rhoncus sed vestibulum sit amet cursus id turpis integer aliquet massa id lobortis convallis tortor risus', 0, 'orci luctus et ultrices posuere cubilia curae mauris viverra diam vitae quam suspendisse potenti nullam porttitor lacus'),
(6, 33, 'dsullivan5', '0000-00-00', 'consectetuer eget rutrum at lorem integer tincidunt ante vel ipsum praesent blandit lacinia erat vestibulum sed magna at nunc commodo', 0, 'orci luctus et ultrices posuere cubilia curae mauris viverra diam'),
(7, 38, 'dolson6', '0000-00-00', 'dolor vel est donec odio justo sollicitudin ut suscipit a feugiat', 1, 'risus auctor sed tristique in tempus sit amet sem fusce consequat nulla'),
(8, 16, 'dcunningham7', '0000-00-00', 'potenti in eleifend quam a odio in hac habitasse platea dictumst', 1, 'volutpat in congue etiam justo etiam pretium iaculis justo in hac habitasse'),
(9, 36, 'hbennett8', '0000-00-00', 'lacinia erat vestibulum sed magna at nunc commodo placerat praesent blandit nam nulla', 1, 'felis eu sapien cursus vestibulum proin eu mi nulla ac enim in'),
(10, 29, 'scrawford9', '0000-00-00', 'non interdum in ante vestibulum ante ipsum primis in faucibus orci luctus et ultrices posuere cubilia', 0, 'proin eu mi nulla ac enim in tempor turpis nec euismod scelerisque quam'),
(11, 38, 'cmontgomerya', '0000-00-00', 'ultrices enim lorem ipsum dolor sit amet consectetuer adipiscing elit', 0, 'elit sodales scelerisque mauris sit amet eros suspendisse accumsan tortor quis'),
(12, 20, 'jcollinsb', '0000-00-00', 'maecenas ut massa quis augue luctus tincidunt nulla mollis molestie lorem quisque ut erat curabitur gravida nisi at nibh', 0, 'sed nisl nunc rhoncus dui vel sem sed sagittis nam congue risus semper porta volutpat quam pede'),
(13, 14, 'bdayc', '0000-00-00', 'amet justo morbi ut odio cras mi pede malesuada in imperdiet et commodo', 1, 'vitae consectetuer eget rutrum at lorem integer tincidunt ante vel'),
(14, 5, 'ccookd', '0000-00-00', 'cum sociis natoque penatibus et magnis dis parturient montes nascetur ridiculus mus', 1, 'nunc commodo placerat praesent blandit nam nulla integer pede justo lacinia eget tincidunt eget tempus'),
(15, 5, 'clynche', '0000-00-00', 'praesent lectus vestibulum quam sapien varius ut blandit non interdum in ante vestibulum ante', 0, 'vestibulum velit id pretium iaculis diam erat fermentum justo nec condimentum neque sapien placerat ante nulla justo aliquam quis'),
(16, 39, 'srossf', '0000-00-00', 'consectetuer adipiscing elit proin risus praesent lectus vestibulum quam sapien varius', 1, 'faucibus orci luctus et ultrices posuere cubilia curae nulla dapibus dolor vel est donec'),
(17, 45, 'rfoxg', '0000-00-00', 'augue a suscipit nulla elit ac nulla sed vel enim', 0, 'pede ac diam cras pellentesque volutpat dui maecenas tristique est et tempus semper est quam pharetra magna ac consequat'),
(18, 5, 'jwashingtonh', '0000-00-00', 'accumsan tortor quis turpis sed ante vivamus tortor duis mattis egestas metus', 1, 'feugiat et eros vestibulum ac est lacinia nisi venenatis tristique fusce'),
(19, 43, 'acooki', '0000-00-00', 'auctor gravida sem praesent id massa id nisl venenatis lacinia aenean', 1, 'ornare imperdiet sapien urna pretium nisl ut volutpat sapien arcu sed augue aliquam erat volutpat in'),
(20, 44, 'hjenkinsj', '0000-00-00', 'tincidunt nulla mollis molestie lorem quisque ut erat curabitur gravida nisi', 0, 'interdum venenatis turpis enim blandit mi in porttitor pede justo eu massa donec dapibus duis at velit eu est'),
(21, 10, 'marnoldk', '0000-00-00', 'amet sapien dignissim vestibulum vestibulum ante ipsum primis in faucibus orci luctus et ultrices posuere', 0, 'nisl duis ac nibh fusce lacus purus aliquet at feugiat non pretium quis lectus suspendisse potenti in'),
(22, 25, 'rtuckerl', '0000-00-00', 'lacus purus aliquet at feugiat non pretium quis lectus suspendisse potenti in eleifend quam a', 1, 'curabitur in libero ut massa volutpat convallis morbi odio odio elementum eu interdum eu tincidunt in leo maecenas pulvinar lobortis'),
(23, 12, 'bspencerm', '0000-00-00', 'purus aliquet at feugiat non pretium quis lectus suspendisse potenti in eleifend quam a odio in hac habitasse platea dictumst', 1, 'aenean fermentum donec ut mauris eget massa tempor convallis nulla neque libero convallis eget eleifend luctus ultricies eu nibh'),
(24, 11, 'jperkinsn', '0000-00-00', 'eu est congue elementum in hac habitasse platea dictumst morbi vestibulum velit id pretium iaculis diam erat fermentum justo', 1, 'morbi quis tortor id nulla ultrices aliquet maecenas leo odio condimentum id luctus nec'),
(25, 48, 'rblacko', '0000-00-00', 'placerat ante nulla justo aliquam quis turpis eget elit sodales scelerisque mauris sit amet eros suspendisse accumsan tortor quis', 0, 'amet turpis elementum ligula vehicula consequat morbi a ipsum integer a nibh in'),
(26, 9, 'pdavisp', '0000-00-00', 'duis consequat dui nec nisi volutpat eleifend donec ut dolor morbi vel lectus in quam', 0, 'augue a suscipit nulla elit ac nulla sed vel enim'),
(27, 32, 'bhowardq', '0000-00-00', 'lacus morbi quis tortor id nulla ultrices aliquet maecenas leo odio condimentum id luctus nec molestie', 1, 'erat fermentum justo nec condimentum neque sapien placerat ante nulla justo aliquam quis turpis eget'),
(28, 8, 'jramirezr', '0000-00-00', 'elit ac nulla sed vel enim sit amet nunc viverra', 0, 'ridiculus mus vivamus vestibulum sagittis sapien cum sociis natoque penatibus et magnis dis parturient montes'),
(29, 32, 'jfreemans', '0000-00-00', 'posuere nonummy integer non velit donec diam neque vestibulum eget vulputate ut', 1, 'molestie nibh in lectus pellentesque at nulla suspendisse potenti cras in purus eu magna vulputate'),
(30, 34, 'tgonzalezt', '0000-00-00', 'curabitur at ipsum ac tellus semper interdum mauris ullamcorper purus sit amet nulla quisque arcu', 1, 'non mattis pulvinar nulla pede ullamcorper augue a suscipit nulla elit ac nulla sed vel enim sit amet nunc viverra'),
(31, 32, 'jwardu', '0000-00-00', 'in eleifend quam a odio in hac habitasse platea dictumst maecenas ut massa quis augue luctus tincidunt nulla mollis', 1, 'eget tincidunt eget tempus vel pede morbi porttitor lorem id ligula suspendisse ornare consequat lectus in est'),
(32, 5, 'bdunnv', '0000-00-00', 'nibh in quis justo maecenas rhoncus aliquam lacus morbi quis tortor', 1, 'est lacinia nisi venenatis tristique fusce congue diam id ornare imperdiet sapien urna pretium nisl'),
(33, 12, 'jknightw', '0000-00-00', 'vestibulum vestibulum ante ipsum primis in faucibus orci luctus et ultrices posuere cubilia curae nulla dapibus dolor vel', 1, 'nibh in lectus pellentesque at nulla suspendisse potenti cras in purus eu'),
(34, 21, 'abennettx', '0000-00-00', 'ridiculus mus etiam vel augue vestibulum rutrum rutrum neque aenean auctor gravida sem praesent id', 1, 'penatibus et magnis dis parturient montes nascetur ridiculus mus vivamus vestibulum sagittis'),
(35, 3, 'emoorey', '0000-00-00', 'morbi sem mauris laoreet ut rhoncus aliquet pulvinar sed nisl nunc', 0, 'quisque id justo sit amet sapien dignissim vestibulum vestibulum ante ipsum primis in faucibus orci luctus'),
(36, 4, 'dperryz', '0000-00-00', 'in tempus sit amet sem fusce consequat nulla nisl nunc nisl duis bibendum felis sed interdum', 1, 'mauris laoreet ut rhoncus aliquet pulvinar sed nisl nunc rhoncus dui vel sem sed sagittis nam congue'),
(37, 47, 'thernandez10', '0000-00-00', 'sem duis aliquam convallis nunc proin at turpis a pede posuere nonummy integer', 1, 'id mauris vulputate elementum nullam varius nulla facilisi cras non velit nec nisi'),
(38, 30, 'dhill11', '0000-00-00', 'elementum ligula vehicula consequat morbi a ipsum integer a nibh in quis justo maecenas rhoncus aliquam lacus', 1, 'porttitor pede justo eu massa donec dapibus duis at velit eu est congue elementum'),
(39, 9, 'chernandez12', '0000-00-00', 'nulla justo aliquam quis turpis eget elit sodales scelerisque mauris sit', 1, 'integer ac leo pellentesque ultrices mattis odio donec vitae nisi nam ultrices libero non mattis pulvinar nulla pede'),
(40, 21, 'mlane13', '0000-00-00', 'mauris non ligula pellentesque ultrices phasellus id sapien in sapien iaculis congue vivamus metus arcu adipiscing molestie hendrerit', 1, 'convallis duis consequat dui nec nisi volutpat eleifend donec ut dolor morbi vel lectus'),
(41, 12, 'shayes14', '0000-00-00', 'convallis nunc proin at turpis a pede posuere nonummy integer non velit donec diam neque vestibulum eget vulputate ut ultrices', 0, 'mollis molestie lorem quisque ut erat curabitur gravida nisi at nibh'),
(42, 29, 'rpayne15', '0000-00-00', 'aenean sit amet justo morbi ut odio cras mi pede malesuada in imperdiet et commodo vulputate justo in blandit ultrices', 1, 'varius integer ac leo pellentesque ultrices mattis odio donec vitae nisi nam ultrices libero non mattis pulvinar nulla pede'),
(43, 49, 'jmccoy16', '0000-00-00', 'nullam molestie nibh in lectus pellentesque at nulla suspendisse potenti cras in purus eu magna vulputate', 1, 'consequat lectus in est risus auctor sed tristique in tempus sit amet sem fusce consequat nulla nisl nunc nisl'),
(44, 25, 'kporter17', '0000-00-00', 'id massa id nisl venenatis lacinia aenean sit amet justo', 0, 'in faucibus orci luctus et ultrices posuere cubilia curae donec pharetra magna vestibulum aliquet ultrices erat tortor sollicitudin'),
(45, 5, 'sgarrett18', '0000-00-00', 'tincidunt lacus at velit vivamus vel nulla eget eros elementum pellentesque quisque porta', 1, 'mauris lacinia sapien quis libero nullam sit amet turpis elementum ligula vehicula consequat morbi'),
(46, 39, 'tlawson19', '0000-00-00', 'sollicitudin vitae consectetuer eget rutrum at lorem integer tincidunt ante vel ipsum praesent blandit lacinia erat vestibulum sed magna at', 1, 'quam nec dui luctus rutrum nulla tellus in sagittis dui vel'),
(47, 29, 'jfowler1a', '0000-00-00', 'turpis integer aliquet massa id lobortis convallis tortor risus dapibus augue', 0, 'est et tempus semper est quam pharetra magna ac consequat metus sapien ut nunc vestibulum'),
(48, 26, 'jsmith1b', '0000-00-00', 'pretium iaculis diam erat fermentum justo nec condimentum neque sapien placerat ante nulla justo', 1, 'semper interdum mauris ullamcorper purus sit amet nulla quisque arcu libero rutrum ac lobortis vel dapibus at'),
(49, 47, 'plane1c', '0000-00-00', 'diam id ornare imperdiet sapien urna pretium nisl ut volutpat sapien arcu sed augue', 0, 'nibh quisque id justo sit amet sapien dignissim vestibulum vestibulum ante'),
(50, 18, 'kgutierrez1d', '0000-00-00', 'ultrices mattis odio donec vitae nisi nam ultrices libero non mattis pulvinar nulla pede ullamcorper', 1, 'in imperdiet et commodo vulputate justo in blandit ultrices enim lorem'),
(51, 8, 'lmcdonald1e', '0000-00-00', 'in hac habitasse platea dictumst aliquam augue quam sollicitudin vitae consectetuer eget rutrum at lorem integer tincidunt ante vel', 1, 'luctus et ultrices posuere cubilia curae duis faucibus accumsan odio'),
(52, 23, 'crice1f', '0000-00-00', 'eget semper rutrum nulla nunc purus phasellus in felis donec semper sapien a libero nam dui proin', 0, 'nec molestie sed justo pellentesque viverra pede ac diam cras pellentesque volutpat dui maecenas tristique est'),
(53, 22, 'rsanders1g', '0000-00-00', 'in faucibus orci luctus et ultrices posuere cubilia curae donec pharetra', 0, 'integer tincidunt ante vel ipsum praesent blandit lacinia erat vestibulum sed magna at'),
(54, 14, 'cnguyen1h', '0000-00-00', 'arcu libero rutrum ac lobortis vel dapibus at diam nam tristique tortor eu pede', 1, 'turpis integer aliquet massa id lobortis convallis tortor risus dapibus augue vel accumsan tellus nisi eu'),
(55, 8, 'jlynch1i', '0000-00-00', 'habitasse platea dictumst aliquam augue quam sollicitudin vitae consectetuer eget', 0, 'nulla tempus vivamus in felis eu sapien cursus vestibulum proin eu mi nulla ac enim in tempor turpis nec'),
(56, 37, 'bparker1j', '0000-00-00', 'at lorem integer tincidunt ante vel ipsum praesent blandit lacinia erat vestibulum sed magna at nunc commodo placerat praesent', 0, 'justo in blandit ultrices enim lorem ipsum dolor sit amet consectetuer adipiscing elit proin interdum mauris non ligula pellentesque'),
(57, 18, 'panderson1k', '0000-00-00', 'sed vestibulum sit amet cursus id turpis integer aliquet massa id lobortis convallis tortor risus dapibus augue vel accumsan tellus', 0, 'vulputate justo in blandit ultrices enim lorem ipsum dolor sit amet consectetuer adipiscing elit proin interdum mauris non ligula pellentesque'),
(58, 33, 'ecastillo1l', '0000-00-00', 'enim blandit mi in porttitor pede justo eu massa donec dapibus duis at velit eu est', 1, 'in eleifend quam a odio in hac habitasse platea dictumst maecenas ut massa quis augue'),
(59, 21, 'rbradley1m', '0000-00-00', 'sapien a libero nam dui proin leo odio porttitor id consequat in consequat', 0, 'elementum ligula vehicula consequat morbi a ipsum integer a nibh'),
(60, 49, 'rharrison1n', '0000-00-00', 'integer ac leo pellentesque ultrices mattis odio donec vitae nisi nam ultrices libero non mattis pulvinar nulla', 1, 'volutpat in congue etiam justo etiam pretium iaculis justo in hac habitasse platea dictumst etiam faucibus cursus urna ut tellus'),
(61, 50, 'ahall1o', '0000-00-00', 'dolor sit amet consectetuer adipiscing elit proin interdum mauris non ligula pellentesque ultrices phasellus id sapien in', 0, 'vitae quam suspendisse potenti nullam porttitor lacus at turpis donec posuere metus vitae ipsum aliquam non mauris morbi non'),
(62, 4, 'tperez1p', '0000-00-00', 'odio curabitur convallis duis consequat dui nec nisi volutpat eleifend donec ut', 1, 'id luctus nec molestie sed justo pellentesque viverra pede ac diam cras pellentesque'),
(63, 25, 'drose1q', '0000-00-00', 'nullam sit amet turpis elementum ligula vehicula consequat morbi a ipsum integer a', 1, 'semper porta volutpat quam pede lobortis ligula sit amet eleifend pede libero quis orci nullam molestie nibh in'),
(64, 40, 'banderson1r', '0000-00-00', 'suspendisse potenti cras in purus eu magna vulputate luctus cum sociis natoque penatibus et magnis', 1, 'vestibulum eget vulputate ut ultrices vel augue vestibulum ante ipsum primis in faucibus orci luctus et ultrices posuere cubilia'),
(65, 43, 'amason1s', '0000-00-00', 'consectetuer adipiscing elit proin risus praesent lectus vestibulum quam sapien varius ut blandit non interdum in ante vestibulum', 1, 'nullam molestie nibh in lectus pellentesque at nulla suspendisse potenti cras in purus eu magna vulputate luctus cum'),
(66, 41, 'nfowler1t', '0000-00-00', 'volutpat dui maecenas tristique est et tempus semper est quam pharetra magna ac consequat metus sapien ut', 0, 'vel nulla eget eros elementum pellentesque quisque porta volutpat erat quisque erat eros'),
(67, 23, 'bhart1u', '0000-00-00', 'dictumst morbi vestibulum velit id pretium iaculis diam erat fermentum justo nec condimentum neque sapien placerat ante nulla justo aliquam', 0, 'suspendisse potenti cras in purus eu magna vulputate luctus cum sociis natoque penatibus et magnis dis parturient montes nascetur ridiculus'),
(68, 17, 'mhart1v', '0000-00-00', 'neque duis bibendum morbi non quam nec dui luctus rutrum nulla tellus in sagittis', 0, 'nibh in quis justo maecenas rhoncus aliquam lacus morbi quis tortor'),
(69, 37, 'ahayes1w', '0000-00-00', 'quam pharetra magna ac consequat metus sapien ut nunc vestibulum', 1, 'id sapien in sapien iaculis congue vivamus metus arcu adipiscing molestie hendrerit at vulputate vitae nisl aenean'),
(70, 37, 'lcarr1x', '0000-00-00', 'amet consectetuer adipiscing elit proin risus praesent lectus vestibulum quam sapien varius ut blandit non interdum in ante', 1, 'dui nec nisi volutpat eleifend donec ut dolor morbi vel'),
(71, 43, 'mcook1y', '0000-00-00', 'donec ut mauris eget massa tempor convallis nulla neque libero convallis eget eleifend luctus ultricies', 1, 'nibh ligula nec sem duis aliquam convallis nunc proin at turpis a pede posuere nonummy integer non velit donec diam'),
(72, 50, 'bbailey1z', '0000-00-00', 'tempus vivamus in felis eu sapien cursus vestibulum proin eu mi nulla', 0, 'feugiat et eros vestibulum ac est lacinia nisi venenatis tristique fusce congue diam id ornare imperdiet sapien urna pretium nisl'),
(73, 29, 'randerson20', '0000-00-00', 'ac diam cras pellentesque volutpat dui maecenas tristique est et tempus semper', 0, 'pellentesque ultrices phasellus id sapien in sapien iaculis congue vivamus metus arcu adipiscing'),
(74, 20, 'cmiller21', '0000-00-00', 'condimentum curabitur in libero ut massa volutpat convallis morbi odio odio elementum eu interdum eu tincidunt in', 0, 'curae nulla dapibus dolor vel est donec odio justo sollicitudin ut suscipit'),
(75, 19, 'cwagner22', '0000-00-00', 'non pretium quis lectus suspendisse potenti in eleifend quam a odio in hac habitasse platea', 0, 'urna pretium nisl ut volutpat sapien arcu sed augue aliquam erat volutpat in congue'),
(76, 2, 'dreynolds23', '0000-00-00', 'mauris vulputate elementum nullam varius nulla facilisi cras non velit nec nisi vulputate nonummy', 1, 'nulla suscipit ligula in lacus curabitur at ipsum ac tellus semper interdum mauris ullamcorper'),
(77, 9, 'cmorales24', '0000-00-00', 'pharetra magna vestibulum aliquet ultrices erat tortor sollicitudin mi sit amet lobortis sapien sapien non mi integer ac neque duis', 1, 'hendrerit at vulputate vitae nisl aenean lectus pellentesque eget nunc donec quis'),
(78, 32, 'mkelley25', '0000-00-00', 'imperdiet sapien urna pretium nisl ut volutpat sapien arcu sed', 1, 'nibh in lectus pellentesque at nulla suspendisse potenti cras in'),
(79, 16, 'aday26', '0000-00-00', 'fermentum justo nec condimentum neque sapien placerat ante nulla justo aliquam', 0, 'ante ipsum primis in faucibus orci luctus et ultrices posuere'),
(80, 40, 'mhayes27', '0000-00-00', 'sapien non mi integer ac neque duis bibendum morbi non quam', 0, 'porttitor pede justo eu massa donec dapibus duis at velit eu est congue elementum in hac'),
(81, 47, 'jdixon28', '0000-00-00', 'maecenas leo odio condimentum id luctus nec molestie sed justo pellentesque viverra pede ac', 1, 'integer non velit donec diam neque vestibulum eget vulputate ut ultrices vel'),
(82, 49, 'cwhite29', '0000-00-00', 'cras non velit nec nisi vulputate nonummy maecenas tincidunt lacus at velit vivamus vel nulla eget eros elementum', 1, 'semper rutrum nulla nunc purus phasellus in felis donec semper sapien a libero nam dui proin leo odio'),
(83, 32, 'gbell2a', '0000-00-00', 'hac habitasse platea dictumst maecenas ut massa quis augue luctus tincidunt nulla mollis molestie lorem quisque ut erat curabitur', 0, 'enim in tempor turpis nec euismod scelerisque quam turpis adipiscing'),
(84, 43, 'lscott2b', '0000-00-00', 'faucibus orci luctus et ultrices posuere cubilia curae donec pharetra', 1, 'in hac habitasse platea dictumst maecenas ut massa quis augue luctus tincidunt nulla mollis molestie lorem quisque ut'),
(85, 16, 'bstanley2c', '0000-00-00', 'duis at velit eu est congue elementum in hac habitasse platea dictumst', 1, 'sapien in sapien iaculis congue vivamus metus arcu adipiscing molestie hendrerit at'),
(86, 47, 'cduncan2d', '0000-00-00', 'libero convallis eget eleifend luctus ultricies eu nibh quisque id justo sit amet sapien dignissim vestibulum', 1, 'curae duis faucibus accumsan odio curabitur convallis duis consequat dui nec'),
(87, 48, 'gjohnson2e', '0000-00-00', 'montes nascetur ridiculus mus etiam vel augue vestibulum rutrum rutrum neque aenean auctor gravida sem praesent id', 0, 'non mattis pulvinar nulla pede ullamcorper augue a suscipit nulla elit ac'),
(88, 34, 'lbaker2f', '0000-00-00', 'amet cursus id turpis integer aliquet massa id lobortis convallis', 0, 'vulputate nonummy maecenas tincidunt lacus at velit vivamus vel nulla eget eros elementum pellentesque quisque porta'),
(89, 19, 'rlewis2g', '0000-00-00', 'posuere metus vitae ipsum aliquam non mauris morbi non lectus aliquam sit amet diam in magna bibendum imperdiet nullam orci', 0, 'porttitor pede justo eu massa donec dapibus duis at velit eu'),
(90, 13, 'krussell2h', '0000-00-00', 'pede posuere nonummy integer non velit donec diam neque vestibulum eget vulputate ut ultrices vel', 0, 'leo odio porttitor id consequat in consequat ut nulla sed accumsan felis ut at dolor quis'),
(91, 49, 'lalexander2i', '0000-00-00', 'metus sapien ut nunc vestibulum ante ipsum primis in faucibus orci luctus et ultrices posuere cubilia curae mauris', 0, 'in porttitor pede justo eu massa donec dapibus duis at velit eu est congue'),
(92, 45, 'gstephens2j', '0000-00-00', 'nulla neque libero convallis eget eleifend luctus ultricies eu nibh quisque id justo sit amet sapien dignissim vestibulum', 0, 'interdum eu tincidunt in leo maecenas pulvinar lobortis est phasellus sit amet'),
(93, 47, 'jward2k', '0000-00-00', 'metus aenean fermentum donec ut mauris eget massa tempor convallis', 1, 'natoque penatibus et magnis dis parturient montes nascetur ridiculus mus etiam vel augue vestibulum rutrum rutrum neque aenean auctor'),
(94, 27, 'kgriffin2l', '0000-00-00', 'lectus in est risus auctor sed tristique in tempus sit amet sem fusce consequat nulla nisl nunc nisl', 1, 'nullam orci pede venenatis non sodales sed tincidunt eu felis fusce posuere felis sed lacus morbi sem'),
(95, 33, 'sporter2m', '0000-00-00', 'pellentesque quisque porta volutpat erat quisque erat eros viverra eget congue', 0, 'risus praesent lectus vestibulum quam sapien varius ut blandit non interdum in ante vestibulum ante ipsum primis in faucibus'),
(96, 17, 'apayne2n', '0000-00-00', 'nisl aenean lectus pellentesque eget nunc donec quis orci eget orci vehicula condimentum curabitur in libero ut massa', 0, 'mauris morbi non lectus aliquam sit amet diam in magna bibendum imperdiet nullam orci pede venenatis non sodales sed'),
(97, 24, 'lwatkins2o', '0000-00-00', 'etiam justo etiam pretium iaculis justo in hac habitasse platea dictumst etiam faucibus cursus', 1, 'vestibulum ac est lacinia nisi venenatis tristique fusce congue diam id ornare imperdiet sapien'),
(98, 33, 'mdaniels2p', '0000-00-00', 'convallis morbi odio odio elementum eu interdum eu tincidunt in leo maecenas pulvinar lobortis est phasellus sit', 0, 'tortor sollicitudin mi sit amet lobortis sapien sapien non mi integer ac neque duis bibendum morbi non quam nec'),
(99, 13, 'phernandez2q', '0000-00-00', 'odio donec vitae nisi nam ultrices libero non mattis pulvinar nulla pede ullamcorper augue a suscipit nulla elit', 0, 'pellentesque viverra pede ac diam cras pellentesque volutpat dui maecenas tristique est et tempus semper'),
(100, 47, 'eparker2r', '0000-00-00', 'lacinia aenean sit amet justo morbi ut odio cras mi pede', 1, 'commodo placerat praesent blandit nam nulla integer pede justo lacinia eget tincidunt eget tempus vel pede'),
(101, 30, 'aphillips2s', '0000-00-00', 'dapibus duis at velit eu est congue elementum in hac habitasse platea dictumst', 0, 'curabitur gravida nisi at nibh in hac habitasse platea dictumst aliquam augue quam'),
(102, 49, 'jferguson2t', '0000-00-00', 'sociis natoque penatibus et magnis dis parturient montes nascetur ridiculus mus vivamus', 0, 'et magnis dis parturient montes nascetur ridiculus mus vivamus vestibulum sagittis sapien cum sociis natoque penatibus et magnis'),
(103, 3, 'sbowman2u', '0000-00-00', 'rutrum nulla tellus in sagittis dui vel nisl duis ac nibh fusce lacus purus aliquet at feugiat', 1, 'lectus vestibulum quam sapien varius ut blandit non interdum in ante vestibulum ante ipsum'),
(104, 18, 'jgriffin2v', '0000-00-00', 'vestibulum rutrum rutrum neque aenean auctor gravida sem praesent id', 1, 'augue luctus tincidunt nulla mollis molestie lorem quisque ut erat curabitur gravida nisi at nibh in hac habitasse'),
(105, 21, 'smiller2w', '0000-00-00', 'eu orci mauris lacinia sapien quis libero nullam sit amet turpis elementum ligula vehicula consequat morbi a ipsum integer a', 0, 'tempus semper est quam pharetra magna ac consequat metus sapien ut nunc vestibulum ante ipsum primis in faucibus'),
(106, 20, 'shunter2x', '0000-00-00', 'et ultrices posuere cubilia curae duis faucibus accumsan odio curabitur convallis duis consequat dui nec nisi', 1, 'in felis donec semper sapien a libero nam dui proin leo odio porttitor id'),
(107, 22, 'ldean2y', '0000-00-00', 'feugiat non pretium quis lectus suspendisse potenti in eleifend quam a odio in hac', 0, 'proin risus praesent lectus vestibulum quam sapien varius ut blandit non interdum in ante vestibulum ante ipsum'),
(108, 24, 'cfrazier2z', '0000-00-00', 'in est risus auctor sed tristique in tempus sit amet', 0, 'nullam sit amet turpis elementum ligula vehicula consequat morbi a'),
(109, 17, 'drobertson30', '0000-00-00', 'potenti cras in purus eu magna vulputate luctus cum sociis', 0, 'viverra pede ac diam cras pellentesque volutpat dui maecenas tristique est et tempus semper est quam pharetra magna ac consequat'),
(110, 21, 'bhowell31', '0000-00-00', 'et eros vestibulum ac est lacinia nisi venenatis tristique fusce congue diam id ornare imperdiet sapien urna pretium nisl ut', 0, 'quis libero nullam sit amet turpis elementum ligula vehicula consequat morbi a'),
(111, 10, 'scooper32', '0000-00-00', 'aliquam augue quam sollicitudin vitae consectetuer eget rutrum at lorem', 0, 'nonummy maecenas tincidunt lacus at velit vivamus vel nulla eget eros elementum pellentesque quisque porta volutpat'),
(112, 37, 'tgraham33', '0000-00-00', 'etiam faucibus cursus urna ut tellus nulla ut erat id mauris vulputate elementum nullam varius nulla facilisi', 0, 'leo rhoncus sed vestibulum sit amet cursus id turpis integer aliquet massa id lobortis convallis tortor risus dapibus augue'),
(113, 18, 'sweaver34', '0000-00-00', 'pretium iaculis justo in hac habitasse platea dictumst etiam faucibus cursus urna ut tellus nulla ut erat id mauris vulputate', 0, 'vulputate justo in blandit ultrices enim lorem ipsum dolor sit'),
(114, 11, 'rweaver35', '0000-00-00', 'mauris morbi non lectus aliquam sit amet diam in magna bibendum', 1, 'mauris vulputate elementum nullam varius nulla facilisi cras non velit nec nisi vulputate nonummy'),
(115, 48, 'lwood36', '0000-00-00', 'dui nec nisi volutpat eleifend donec ut dolor morbi vel lectus in quam', 1, 'justo eu massa donec dapibus duis at velit eu est congue elementum in hac habitasse'),
(116, 43, 'bowens37', '0000-00-00', 'sem fusce consequat nulla nisl nunc nisl duis bibendum felis sed interdum venenatis turpis', 1, 'amet erat nulla tempus vivamus in felis eu sapien cursus vestibulum proin eu mi nulla ac'),
(117, 10, 'acrawford38', '0000-00-00', 'donec pharetra magna vestibulum aliquet ultrices erat tortor sollicitudin mi sit amet lobortis sapien sapien non mi integer ac neque', 0, 'a nibh in quis justo maecenas rhoncus aliquam lacus morbi quis tortor id nulla'),
(118, 5, 'cgilbert39', '0000-00-00', 'nulla integer pede justo lacinia eget tincidunt eget tempus vel pede morbi porttitor lorem id ligula', 1, 'nullam orci pede venenatis non sodales sed tincidunt eu felis fusce posuere felis sed lacus morbi sem mauris laoreet'),
(119, 32, 'jporter3a', '0000-00-00', 'proin risus praesent lectus vestibulum quam sapien varius ut blandit non interdum in ante vestibulum ante ipsum primis in faucibus', 0, 'tempor turpis nec euismod scelerisque quam turpis adipiscing lorem vitae mattis nibh ligula nec sem duis aliquam convallis nunc'),
(120, 34, 'mthompson3b', '0000-00-00', 'nam nulla integer pede justo lacinia eget tincidunt eget tempus vel pede morbi porttitor lorem', 0, 'id pretium iaculis diam erat fermentum justo nec condimentum neque sapien placerat ante nulla'),
(121, 17, 'dduncan3c', '0000-00-00', 'sollicitudin vitae consectetuer eget rutrum at lorem integer tincidunt ante vel ipsum praesent blandit lacinia erat vestibulum sed magna at', 1, 'amet erat nulla tempus vivamus in felis eu sapien cursus vestibulum proin eu mi nulla ac'),
(122, 41, 'lpeters3d', '0000-00-00', 'metus vitae ipsum aliquam non mauris morbi non lectus aliquam sit amet diam in magna bibendum imperdiet nullam', 1, 'massa id nisl venenatis lacinia aenean sit amet justo morbi ut odio cras mi pede malesuada in'),
(123, 50, 'larmstrong3e', '0000-00-00', 'nulla tellus in sagittis dui vel nisl duis ac nibh', 0, 'nibh ligula nec sem duis aliquam convallis nunc proin at turpis'),
(124, 39, 'ahoward3f', '0000-00-00', 'dolor morbi vel lectus in quam fringilla rhoncus mauris enim leo rhoncus sed', 0, 'pulvinar lobortis est phasellus sit amet erat nulla tempus vivamus in felis eu sapien cursus vestibulum proin eu mi'),
(125, 9, 'jmason3g', '0000-00-00', 'auctor sed tristique in tempus sit amet sem fusce consequat nulla', 1, 'felis ut at dolor quis odio consequat varius integer ac leo pellentesque ultrices mattis'),
(126, 25, 'lalvarez3h', '0000-00-00', 'nulla tellus in sagittis dui vel nisl duis ac nibh fusce lacus purus aliquet at feugiat non pretium quis lectus', 0, 'amet nunc viverra dapibus nulla suscipit ligula in lacus curabitur at ipsum ac tellus semper interdum mauris ullamcorper purus'),
(127, 29, 'jkim3i', '0000-00-00', 'nisi venenatis tristique fusce congue diam id ornare imperdiet sapien urna pretium', 1, 'volutpat eleifend donec ut dolor morbi vel lectus in quam fringilla rhoncus mauris enim leo'),
(128, 37, 'cbanks3j', '0000-00-00', 'lacus purus aliquet at feugiat non pretium quis lectus suspendisse potenti in eleifend quam', 0, 'a feugiat et eros vestibulum ac est lacinia nisi venenatis tristique fusce congue'),
(129, 24, 'rgarrett3k', '0000-00-00', 'id sapien in sapien iaculis congue vivamus metus arcu adipiscing molestie hendrerit at vulputate vitae nisl aenean lectus pellentesque eget', 0, 'pede morbi porttitor lorem id ligula suspendisse ornare consequat lectus in'),
(130, 13, 'jweaver3l', '0000-00-00', 'pede morbi porttitor lorem id ligula suspendisse ornare consequat lectus in est risus', 0, 'ac tellus semper interdum mauris ullamcorper purus sit amet nulla quisque arcu libero rutrum ac'),
(131, 35, 'sjordan3m', '0000-00-00', 'lorem ipsum dolor sit amet consectetuer adipiscing elit proin interdum', 1, 'vivamus vel nulla eget eros elementum pellentesque quisque porta volutpat erat quisque erat eros viverra eget congue eget semper rutrum'),
(132, 38, 'awilson3n', '0000-00-00', 'libero quis orci nullam molestie nibh in lectus pellentesque at nulla suspendisse potenti cras in purus', 0, 'morbi vestibulum velit id pretium iaculis diam erat fermentum justo'),
(133, 36, 'cgarcia3o', '0000-00-00', 'pede malesuada in imperdiet et commodo vulputate justo in blandit ultrices enim lorem ipsum dolor', 0, 'ut odio cras mi pede malesuada in imperdiet et commodo'),
(134, 27, 'mbutler3p', '0000-00-00', 'justo lacinia eget tincidunt eget tempus vel pede morbi porttitor lorem id', 1, 'et ultrices posuere cubilia curae duis faucibus accumsan odio curabitur convallis'),
(135, 36, 'rpierce3q', '0000-00-00', 'sed ante vivamus tortor duis mattis egestas metus aenean fermentum donec ut mauris', 0, 'suscipit ligula in lacus curabitur at ipsum ac tellus semper interdum mauris ullamcorper purus sit amet nulla quisque'),
(136, 15, 'ssims3r', '0000-00-00', 'vel enim sit amet nunc viverra dapibus nulla suscipit ligula', 1, 'pellentesque ultrices phasellus id sapien in sapien iaculis congue vivamus metus arcu adipiscing molestie hendrerit at vulputate'),
(137, 24, 'chughes3s', '0000-00-00', 'ante ipsum primis in faucibus orci luctus et ultrices posuere cubilia curae mauris viverra diam vitae quam suspendisse potenti', 1, 'eros vestibulum ac est lacinia nisi venenatis tristique fusce congue'),
(138, 46, 'lrobinson3t', '0000-00-00', 'porttitor pede justo eu massa donec dapibus duis at velit', 1, 'donec quis orci eget orci vehicula condimentum curabitur in libero ut massa volutpat convallis morbi odio odio elementum eu'),
(139, 29, 'kblack3u', '0000-00-00', 'augue vel accumsan tellus nisi eu orci mauris lacinia sapien quis', 0, 'curae mauris viverra diam vitae quam suspendisse potenti nullam porttitor lacus at'),
(140, 43, 'tsims3v', '0000-00-00', 'fermentum justo nec condimentum neque sapien placerat ante nulla justo aliquam', 1, 'ultrices mattis odio donec vitae nisi nam ultrices libero non mattis pulvinar nulla pede ullamcorper augue a suscipit'),
(141, 3, 'ncooper3w', '0000-00-00', 'hac habitasse platea dictumst etiam faucibus cursus urna ut tellus nulla ut erat id mauris vulputate elementum nullam varius', 1, 'nibh quisque id justo sit amet sapien dignissim vestibulum vestibulum ante ipsum'),
(142, 30, 'mjones3x', '0000-00-00', 'aliquam convallis nunc proin at turpis a pede posuere nonummy integer', 1, 'pellentesque at nulla suspendisse potenti cras in purus eu magna vulputate luctus cum sociis natoque penatibus et'),
(143, 47, 'jcox3y', '0000-00-00', 'elementum in hac habitasse platea dictumst morbi vestibulum velit id pretium iaculis diam erat fermentum justo', 0, 'nisl venenatis lacinia aenean sit amet justo morbi ut odio cras mi pede malesuada in imperdiet et commodo'),
(144, 16, 'jshaw3z', '0000-00-00', 'non mattis pulvinar nulla pede ullamcorper augue a suscipit nulla elit ac', 1, 'eget congue eget semper rutrum nulla nunc purus phasellus in'),
(145, 42, 'mbennett40', '0000-00-00', 'dui nec nisi volutpat eleifend donec ut dolor morbi vel lectus in quam fringilla rhoncus mauris enim', 1, 'non quam nec dui luctus rutrum nulla tellus in sagittis dui vel nisl'),
(146, 30, 'bbarnes41', '0000-00-00', 'nullam orci pede venenatis non sodales sed tincidunt eu felis fusce', 0, 'lacus curabitur at ipsum ac tellus semper interdum mauris ullamcorper purus sit amet nulla quisque arcu libero rutrum ac lobortis'),
(147, 42, 'tmorgan42', '0000-00-00', 'purus aliquet at feugiat non pretium quis lectus suspendisse potenti in eleifend quam a odio in', 1, 'quam fringilla rhoncus mauris enim leo rhoncus sed vestibulum sit amet cursus'),
(148, 17, 'erussell43', '0000-00-00', 'arcu adipiscing molestie hendrerit at vulputate vitae nisl aenean lectus pellentesque eget nunc donec quis', 0, 'convallis tortor risus dapibus augue vel accumsan tellus nisi eu orci mauris'),
(149, 6, 'bford44', '0000-00-00', 'morbi quis tortor id nulla ultrices aliquet maecenas leo odio', 0, 'mauris lacinia sapien quis libero nullam sit amet turpis elementum ligula'),
(150, 20, 'vmorrison45', '0000-00-00', 'id luctus nec molestie sed justo pellentesque viverra pede ac diam cras pellentesque', 1, 'libero nullam sit amet turpis elementum ligula vehicula consequat morbi a ipsum integer a nibh in quis justo maecenas'),
(151, 21, 'jgonzales46', '0000-00-00', 'integer aliquet massa id lobortis convallis tortor risus dapibus augue vel accumsan tellus nisi', 1, 'enim leo rhoncus sed vestibulum sit amet cursus id turpis integer aliquet massa'),
(152, 33, 'aalvarez47', '0000-00-00', 'cras non velit nec nisi vulputate nonummy maecenas tincidunt lacus', 1, 'egestas metus aenean fermentum donec ut mauris eget massa tempor'),
(153, 46, 'rcollins48', '0000-00-00', 'ut mauris eget massa tempor convallis nulla neque libero convallis eget eleifend luctus ultricies', 1, 'curabitur gravida nisi at nibh in hac habitasse platea dictumst aliquam augue quam sollicitudin vitae consectetuer eget rutrum at'),
(154, 30, 'bgreene49', '0000-00-00', 'ipsum primis in faucibus orci luctus et ultrices posuere cubilia curae duis', 0, 'vitae ipsum aliquam non mauris morbi non lectus aliquam sit amet diam in magna bibendum imperdiet nullam orci'),
(155, 42, 'iwashington4a', '0000-00-00', 'vitae quam suspendisse potenti nullam porttitor lacus at turpis donec posuere metus vitae', 0, 'nibh fusce lacus purus aliquet at feugiat non pretium quis lectus'),
(156, 43, 'eallen4b', '0000-00-00', 'malesuada in imperdiet et commodo vulputate justo in blandit ultrices enim lorem ipsum', 1, 'amet consectetuer adipiscing elit proin interdum mauris non ligula pellentesque'),
(157, 39, 'dharvey4c', '0000-00-00', 'mauris lacinia sapien quis libero nullam sit amet turpis elementum ligula vehicula', 0, 'vestibulum aliquet ultrices erat tortor sollicitudin mi sit amet lobortis sapien sapien non mi integer'),
(158, 8, 'swest4d', '0000-00-00', 'ut odio cras mi pede malesuada in imperdiet et commodo vulputate justo in blandit ultrices enim', 1, 'in faucibus orci luctus et ultrices posuere cubilia curae mauris viverra diam vitae quam suspendisse potenti nullam porttitor lacus'),
(159, 24, 'jgarza4e', '0000-00-00', 'mauris enim leo rhoncus sed vestibulum sit amet cursus id turpis integer aliquet massa id lobortis convallis tortor risus', 0, 'neque duis bibendum morbi non quam nec dui luctus rutrum nulla tellus in sagittis'),
(160, 12, 'dwarren4f', '0000-00-00', 'justo sit amet sapien dignissim vestibulum vestibulum ante ipsum primis in', 1, 'odio donec vitae nisi nam ultrices libero non mattis pulvinar nulla pede ullamcorper augue a suscipit'),
(161, 21, 'kjones4g', '0000-00-00', 'mauris vulputate elementum nullam varius nulla facilisi cras non velit nec', 1, 'amet justo morbi ut odio cras mi pede malesuada in imperdiet et commodo vulputate justo in blandit ultrices enim'),
(162, 27, 'jjenkins4h', '0000-00-00', 'ut dolor morbi vel lectus in quam fringilla rhoncus mauris enim leo rhoncus sed vestibulum', 0, 'rutrum at lorem integer tincidunt ante vel ipsum praesent blandit lacinia erat vestibulum sed magna'),
(163, 34, 'lperez4i', '0000-00-00', 'justo in blandit ultrices enim lorem ipsum dolor sit amet consectetuer adipiscing elit', 0, 'adipiscing elit proin interdum mauris non ligula pellentesque ultrices phasellus id sapien in sapien iaculis congue vivamus metus'),
(164, 24, 'rray4j', '0000-00-00', 'sed lacus morbi sem mauris laoreet ut rhoncus aliquet pulvinar sed nisl nunc rhoncus dui vel sem', 0, 'ut rhoncus aliquet pulvinar sed nisl nunc rhoncus dui vel sem sed sagittis nam congue risus semper porta'),
(165, 18, 'tjames4k', '0000-00-00', 'ante ipsum primis in faucibus orci luctus et ultrices posuere cubilia', 0, 'massa id nisl venenatis lacinia aenean sit amet justo morbi ut odio cras mi pede malesuada in'),
(166, 12, 'jday4l', '0000-00-00', 'erat fermentum justo nec condimentum neque sapien placerat ante nulla justo aliquam quis turpis eget elit', 1, 'aliquam erat volutpat in congue etiam justo etiam pretium iaculis justo in hac habitasse platea dictumst'),
(167, 43, 'egrant4m', '0000-00-00', 'sed interdum venenatis turpis enim blandit mi in porttitor pede', 0, 'pulvinar sed nisl nunc rhoncus dui vel sem sed sagittis nam congue'),
(168, 16, 'cmoore4n', '0000-00-00', 'et tempus semper est quam pharetra magna ac consequat metus', 0, 'ut rhoncus aliquet pulvinar sed nisl nunc rhoncus dui vel sem sed sagittis nam congue risus semper porta volutpat'),
(169, 51, 'dhansen4o', '0000-00-00', 'erat curabitur gravida nisi at nibh in hac habitasse platea', 1, 'habitasse platea dictumst aliquam augue quam sollicitudin vitae consectetuer eget rutrum at lorem integer tincidunt ante vel ipsum'),
(170, 31, 'holson4p', '0000-00-00', 'vestibulum rutrum rutrum neque aenean auctor gravida sem praesent id massa id nisl', 0, 'justo eu massa donec dapibus duis at velit eu est congue elementum in hac habitasse platea dictumst morbi vestibulum'),
(171, 30, 'jthomas4q', '0000-00-00', 'odio donec vitae nisi nam ultrices libero non mattis pulvinar nulla pede ullamcorper augue a suscipit nulla', 1, 'turpis a pede posuere nonummy integer non velit donec diam neque vestibulum eget'),
(172, 49, 'wpierce4r', '0000-00-00', 'vestibulum rutrum rutrum neque aenean auctor gravida sem praesent id massa id', 0, 'in faucibus orci luctus et ultrices posuere cubilia curae nulla dapibus dolor vel est donec odio justo'),
(173, 39, 'dfisher4s', '0000-00-00', 'sollicitudin vitae consectetuer eget rutrum at lorem integer tincidunt ante vel ipsum praesent blandit lacinia', 1, 'luctus et ultrices posuere cubilia curae duis faucibus accumsan odio curabitur convallis duis consequat dui'),
(174, 13, 'jchapman4t', '0000-00-00', 'sit amet sem fusce consequat nulla nisl nunc nisl duis bibendum felis sed interdum venenatis turpis enim', 1, 'ante ipsum primis in faucibus orci luctus et ultrices posuere cubilia curae donec pharetra magna vestibulum aliquet'),
(175, 9, 'jmontgomery4u', '0000-00-00', 'donec pharetra magna vestibulum aliquet ultrices erat tortor sollicitudin mi sit amet lobortis sapien sapien non mi', 0, 'amet diam in magna bibendum imperdiet nullam orci pede venenatis'),
(176, 31, 'spalmer4v', '0000-00-00', 'tristique in tempus sit amet sem fusce consequat nulla nisl nunc nisl duis bibendum felis sed interdum venenatis turpis', 1, 'elit proin risus praesent lectus vestibulum quam sapien varius ut blandit non interdum in ante vestibulum ante ipsum primis'),
(177, 38, 'bsanders4w', '0000-00-00', 'cum sociis natoque penatibus et magnis dis parturient montes nascetur ridiculus mus vivamus vestibulum sagittis', 1, 'feugiat non pretium quis lectus suspendisse potenti in eleifend quam a odio in hac habitasse'),
(178, 32, 'lturner4x', '0000-00-00', 'libero non mattis pulvinar nulla pede ullamcorper augue a suscipit nulla elit ac nulla sed vel enim sit amet nunc', 1, 'nascetur ridiculus mus vivamus vestibulum sagittis sapien cum sociis natoque penatibus et magnis dis parturient montes nascetur ridiculus mus etiam'),
(179, 51, 'aromero4y', '0000-00-00', 'ornare imperdiet sapien urna pretium nisl ut volutpat sapien arcu sed augue aliquam erat volutpat in', 0, 'ligula vehicula consequat morbi a ipsum integer a nibh in quis justo maecenas rhoncus aliquam lacus morbi'),
(180, 31, 'jrichardson4z', '0000-00-00', 'ligula vehicula consequat morbi a ipsum integer a nibh in quis justo maecenas rhoncus aliquam lacus', 1, 'aenean sit amet justo morbi ut odio cras mi pede malesuada in imperdiet et commodo vulputate justo in blandit'),
(181, 19, 'kelliott50', '0000-00-00', 'vehicula condimentum curabitur in libero ut massa volutpat convallis morbi odio odio elementum eu interdum eu tincidunt in', 0, 'volutpat sapien arcu sed augue aliquam erat volutpat in congue etiam justo etiam pretium iaculis'),
(182, 42, 'sknight51', '0000-00-00', 'sagittis nam congue risus semper porta volutpat quam pede lobortis ligula sit amet eleifend pede libero', 1, 'dapibus augue vel accumsan tellus nisi eu orci mauris lacinia sapien'),
(183, 22, 'vnichols52', '0000-00-00', 'pellentesque ultrices phasellus id sapien in sapien iaculis congue vivamus metus arcu adipiscing molestie hendrerit at vulputate', 0, 'convallis eget eleifend luctus ultricies eu nibh quisque id justo'),
(184, 2, 'mcarpenter53', '0000-00-00', 'nunc vestibulum ante ipsum primis in faucibus orci luctus et ultrices posuere cubilia curae mauris viverra diam vitae quam', 1, 'tellus semper interdum mauris ullamcorper purus sit amet nulla quisque arcu libero rutrum ac lobortis vel dapibus at diam'),
(185, 39, 'pallen54', '0000-00-00', 'venenatis non sodales sed tincidunt eu felis fusce posuere felis sed lacus morbi sem mauris laoreet', 0, 'convallis eget eleifend luctus ultricies eu nibh quisque id justo sit amet sapien dignissim'),
(186, 25, 'cmurray55', '0000-00-00', 'aenean auctor gravida sem praesent id massa id nisl venenatis lacinia aenean', 0, 'nulla ac enim in tempor turpis nec euismod scelerisque quam'),
(187, 26, 'lbutler56', '0000-00-00', 'posuere cubilia curae mauris viverra diam vitae quam suspendisse potenti nullam', 0, 'vehicula condimentum curabitur in libero ut massa volutpat convallis morbi odio odio elementum eu'),
(188, 2, 'mray57', '0000-00-00', 'ac neque duis bibendum morbi non quam nec dui luctus rutrum nulla tellus in sagittis dui vel nisl', 1, 'mauris enim leo rhoncus sed vestibulum sit amet cursus id turpis integer aliquet massa id'),
(189, 26, 'vparker58', '0000-00-00', 'in ante vestibulum ante ipsum primis in faucibus orci luctus et ultrices posuere cubilia curae duis', 1, 'pharetra magna vestibulum aliquet ultrices erat tortor sollicitudin mi sit amet'),
(190, 8, 'mhunt59', '0000-00-00', 'eu est congue elementum in hac habitasse platea dictumst morbi vestibulum velit id pretium', 1, 'ut nulla sed accumsan felis ut at dolor quis odio consequat varius integer ac leo pellentesque ultrices mattis odio'),
(191, 42, 'shill5a', '0000-00-00', 'faucibus accumsan odio curabitur convallis duis consequat dui nec nisi volutpat eleifend donec', 1, 'accumsan felis ut at dolor quis odio consequat varius integer ac leo pellentesque ultrices mattis odio donec vitae nisi'),
(192, 29, 'sfowler5b', '0000-00-00', 'aliquam quis turpis eget elit sodales scelerisque mauris sit amet eros suspendisse', 1, 'quisque id justo sit amet sapien dignissim vestibulum vestibulum ante ipsum'),
(193, 43, 'mallen5c', '0000-00-00', 'nec nisi vulputate nonummy maecenas tincidunt lacus at velit vivamus vel nulla eget eros elementum pellentesque quisque porta', 0, 'semper rutrum nulla nunc purus phasellus in felis donec semper sapien a libero nam dui proin leo odio porttitor'),
(194, 7, 'dramirez5d', '0000-00-00', 'hac habitasse platea dictumst morbi vestibulum velit id pretium iaculis diam erat fermentum justo nec condimentum', 0, 'enim in tempor turpis nec euismod scelerisque quam turpis adipiscing lorem vitae mattis nibh ligula'),
(195, 49, 'chill5e', '0000-00-00', 'orci pede venenatis non sodales sed tincidunt eu felis fusce posuere felis', 0, 'ac nibh fusce lacus purus aliquet at feugiat non pretium quis lectus suspendisse potenti in eleifend quam'),
(196, 13, 'amcdonald5f', '0000-00-00', 'fermentum justo nec condimentum neque sapien placerat ante nulla justo aliquam quis', 0, 'ipsum dolor sit amet consectetuer adipiscing elit proin interdum mauris non ligula pellentesque ultrices'),
(197, 45, 'creid5g', '0000-00-00', 'interdum venenatis turpis enim blandit mi in porttitor pede justo eu massa donec dapibus duis at velit', 1, 'vel pede morbi porttitor lorem id ligula suspendisse ornare consequat lectus in est risus auctor sed tristique in'),
(198, 47, 'lreynolds5h', '0000-00-00', 'libero ut massa volutpat convallis morbi odio odio elementum eu interdum eu tincidunt in leo', 1, 'dolor morbi vel lectus in quam fringilla rhoncus mauris enim leo rhoncus sed vestibulum sit amet cursus id'),
(199, 33, 'cwatkins5i', '0000-00-00', 'eros viverra eget congue eget semper rutrum nulla nunc purus phasellus in felis donec semper sapien a libero nam dui', 1, 'tempus vivamus in felis eu sapien cursus vestibulum proin eu mi nulla ac'),
(200, 38, 'pcarroll5j', '0000-00-00', 'tristique est et tempus semper est quam pharetra magna ac consequat metus sapien ut nunc vestibulum', 0, 'augue vel accumsan tellus nisi eu orci mauris lacinia sapien quis libero nullam sit amet turpis elementum ligula vehicula');

-- --------------------------------------------------------

--
-- Tabelstructuur voor tabel `tbl_quotations`
--

CREATE TABLE IF NOT EXISTS `tbl_quotations` (
  `quotation_id` int(11) NOT NULL AUTO_INCREMENT,
  `customer_id` int(11) NOT NULL,
  `quotation_number` int(20) NOT NULL,
  `quotation_date` date NOT NULL,
  `order_type` varchar(11) NOT NULL,
  PRIMARY KEY (`quotation_id`),
  KEY `customer_id` (`customer_id`)
) ENGINE=InnoDB  DEFAULT CHARSET=latin1 AUTO_INCREMENT=252 ;

--
-- Gegevens worden geëxporteerd voor tabel `tbl_quotations`
--

INSERT INTO `tbl_quotations` (`quotation_id`, `customer_id`, `quotation_number`, `quotation_date`, `order_type`) VALUES
(1, 19, 8, '0000-00-00', 'architectur'),
(2, 46, 14, '0000-00-00', 'Optional'),
(3, 33, 54, '0000-00-00', 'Face to fac'),
(4, 27, 40, '0000-00-00', 'content-bas'),
(5, 26, 10, '0000-00-00', 'Polarised'),
(6, 20, 93, '0000-00-00', 'service-des'),
(7, 50, 77, '0000-00-00', 'composite'),
(8, 51, 58, '0000-00-00', 'discrete'),
(9, 16, 72, '0000-00-00', 'static'),
(10, 27, 59, '0000-00-00', 'mission-cri'),
(11, 34, 30, '0000-00-00', 'Total'),
(12, 10, 21, '0000-00-00', 'Assimilated'),
(13, 24, 87, '0000-00-00', 'Advanced'),
(14, 6, 57, '0000-00-00', 'foreground'),
(15, 51, 89, '0000-00-00', 'upward-tren'),
(16, 44, 74, '0000-00-00', 'structure'),
(17, 9, 7, '0000-00-00', 'Realigned'),
(18, 21, 85, '0000-00-00', 'analyzing'),
(19, 33, 79, '0000-00-00', '6th generat'),
(20, 27, 46, '0000-00-00', 'homogeneous'),
(21, 40, 69, '0000-00-00', 'static'),
(22, 45, 0, '0000-00-00', 'high-level'),
(23, 5, 75, '0000-00-00', 'leverage'),
(24, 30, 87, '0000-00-00', 'contingency'),
(25, 9, 65, '0000-00-00', 'flexibility'),
(26, 15, 78, '0000-00-00', 'Enhanced'),
(27, 37, 99, '0000-00-00', 'exuding'),
(28, 36, 11, '0000-00-00', 'data-wareho'),
(29, 4, 2, '0000-00-00', 'Visionary'),
(30, 47, 56, '0000-00-00', 'Team-orient'),
(31, 36, 27, '0000-00-00', 'exuding'),
(32, 46, 99, '0000-00-00', '24 hour'),
(33, 20, 66, '0000-00-00', 'product'),
(34, 39, 96, '0000-00-00', 'interface'),
(35, 8, 36, '0000-00-00', 'Object-base'),
(36, 43, 74, '0000-00-00', 'heuristic'),
(37, 30, 99, '0000-00-00', 'content-bas'),
(38, 31, 92, '0000-00-00', 'local'),
(39, 31, 15, '0000-00-00', 'initiative'),
(40, 7, 34, '0000-00-00', 'approach'),
(41, 41, 17, '0000-00-00', 'executive'),
(42, 7, 11, '0000-00-00', 'Seamless'),
(43, 6, 94, '0000-00-00', 'next genera'),
(44, 21, 5, '0000-00-00', 'functionali'),
(45, 43, 71, '0000-00-00', 'De-engineer'),
(46, 31, 20, '0000-00-00', 'foreground'),
(47, 9, 96, '0000-00-00', 'static'),
(48, 37, 11, '0000-00-00', 'website'),
(49, 44, 12, '0000-00-00', 'optimal'),
(50, 22, 30, '0000-00-00', 'hub'),
(51, 37, 49, '0000-00-00', 'flexibility'),
(52, 20, 21, '0000-00-00', 'disintermed'),
(53, 8, 78, '0000-00-00', 'Synergistic'),
(54, 32, 50, '0000-00-00', 'groupware'),
(55, 15, 32, '0000-00-00', 'capacity'),
(56, 10, 11, '0000-00-00', 'Vision-orie'),
(57, 16, 62, '0000-00-00', 'policy'),
(58, 16, 35, '0000-00-00', 'policy'),
(59, 12, 11, '0000-00-00', 'Total'),
(60, 37, 36, '0000-00-00', 'Front-line'),
(61, 41, 8, '0000-00-00', 'Reduced'),
(62, 9, 35, '0000-00-00', 'instruction'),
(63, 35, 96, '0000-00-00', 'collaborati'),
(64, 34, 81, '0000-00-00', 'context-sen'),
(65, 6, 59, '0000-00-00', 'standardiza'),
(66, 40, 72, '0000-00-00', 'human-resou'),
(67, 13, 10, '0000-00-00', 'access'),
(68, 38, 50, '0000-00-00', 'synergy'),
(69, 22, 49, '0000-00-00', 'budgetary m'),
(70, 29, 94, '0000-00-00', 'optimal'),
(71, 33, 14, '0000-00-00', 'national'),
(72, 37, 42, '0000-00-00', 'orchestrati'),
(73, 13, 5, '0000-00-00', 'zero admini'),
(74, 45, 11, '0000-00-00', 'strategy'),
(75, 37, 28, '0000-00-00', 'portal'),
(76, 28, 64, '0000-00-00', 'intermediat'),
(77, 51, 7, '0000-00-00', 'capacity'),
(78, 37, 87, '0000-00-00', 'model'),
(79, 26, 38, '0000-00-00', 'access'),
(80, 51, 44, '0000-00-00', 'eco-centric'),
(81, 14, 98, '0000-00-00', 'static'),
(82, 18, 76, '0000-00-00', 'Customer-fo'),
(83, 33, 40, '0000-00-00', 'conglomerat'),
(84, 47, 58, '0000-00-00', 'Profit-focu'),
(85, 20, 56, '0000-00-00', 'radical'),
(86, 7, 88, '0000-00-00', 'Cross-group'),
(87, 10, 92, '0000-00-00', 'Graphical U'),
(88, 12, 16, '0000-00-00', 'Monitored'),
(89, 34, 79, '0000-00-00', 'info-mediar'),
(90, 51, 11, '0000-00-00', 'benchmark'),
(91, 3, 60, '0000-00-00', 'optimizing'),
(92, 4, 87, '0000-00-00', 'logistical'),
(93, 5, 5, '0000-00-00', 'utilisation'),
(94, 19, 61, '0000-00-00', 'optimizing'),
(95, 13, 44, '0000-00-00', 'fresh-think'),
(96, 45, 47, '0000-00-00', 'Exclusive'),
(97, 15, 82, '0000-00-00', 'attitude-or'),
(98, 28, 45, '0000-00-00', 'Decentraliz'),
(99, 15, 29, '0000-00-00', 'challenge'),
(100, 19, 82, '0000-00-00', 'Front-line'),
(101, 15, 68, '0000-00-00', 'interface'),
(102, 14, 56, '0000-00-00', 'explicit'),
(103, 22, 19, '0000-00-00', 'Customer-fo'),
(104, 32, 64, '0000-00-00', 'function'),
(105, 48, 79, '0000-00-00', 'Compatible'),
(106, 23, 3, '0000-00-00', 'intermediat'),
(107, 33, 20, '0000-00-00', 'Multi-chann'),
(108, 18, 91, '0000-00-00', 'tangible'),
(109, 29, 9, '0000-00-00', 'Business-fo'),
(110, 15, 66, '0000-00-00', 'customer lo'),
(111, 25, 48, '0000-00-00', '24/7'),
(112, 44, 3, '0000-00-00', 'disintermed'),
(113, 18, 54, '0000-00-00', 'Innovative'),
(114, 31, 97, '0000-00-00', 'throughput'),
(115, 19, 68, '0000-00-00', 'solution-or'),
(116, 12, 79, '0000-00-00', 'impactful'),
(117, 26, 70, '0000-00-00', 'background'),
(118, 48, 64, '0000-00-00', 'collaborati'),
(119, 23, 82, '0000-00-00', 'encompassin'),
(120, 14, 23, '0000-00-00', 'Distributed'),
(121, 11, 29, '0000-00-00', 'systematic'),
(122, 27, 61, '0000-00-00', 'zero tolera'),
(123, 6, 21, '0000-00-00', 'context-sen'),
(124, 15, 15, '0000-00-00', 'static'),
(125, 14, 67, '0000-00-00', 'firmware'),
(126, 45, 7, '0000-00-00', 'Multi-chann'),
(127, 20, 42, '0000-00-00', 'Balanced'),
(128, 18, 45, '0000-00-00', 'Triple-buff'),
(129, 36, 5, '0000-00-00', 'User-friend'),
(130, 29, 43, '0000-00-00', 'model'),
(131, 9, 45, '0000-00-00', 'well-modula'),
(132, 41, 45, '0000-00-00', 'approach'),
(133, 22, 15, '0000-00-00', 'internet so'),
(134, 15, 80, '0000-00-00', 'approach'),
(135, 16, 41, '0000-00-00', 'Organic'),
(136, 21, 22, '0000-00-00', 'concept'),
(137, 25, 6, '0000-00-00', 'secondary'),
(138, 41, 13, '0000-00-00', 'Assimilated'),
(139, 39, 81, '0000-00-00', 'analyzer'),
(140, 35, 45, '0000-00-00', 'portal'),
(141, 5, 11, '0000-00-00', 'concept'),
(142, 49, 69, '0000-00-00', 'regional'),
(143, 27, 55, '0000-00-00', 'challenge'),
(144, 44, 18, '0000-00-00', 'holistic'),
(145, 20, 21, '0000-00-00', 'responsive'),
(146, 50, 16, '0000-00-00', 'user-facing'),
(147, 3, 28, '0000-00-00', 'Upgradable'),
(148, 47, 12, '0000-00-00', 'uniform'),
(149, 32, 17, '0000-00-00', 'interactive'),
(150, 31, 22, '0000-00-00', 'grid-enable'),
(151, 43, 78, '0000-00-00', 'neutral'),
(152, 33, 30, '0000-00-00', 'User-centri'),
(153, 37, 98, '0000-00-00', 'cohesive'),
(154, 29, 19, '0000-00-00', 'Polarised'),
(155, 18, 14, '0000-00-00', 'De-engineer'),
(156, 42, 85, '0000-00-00', 'Focused'),
(157, 9, 44, '0000-00-00', 'Monitored'),
(158, 46, 7, '0000-00-00', 'groupware'),
(159, 26, 39, '0000-00-00', 'Multi-chann'),
(160, 39, 91, '0000-00-00', 'Expanded'),
(161, 9, 19, '0000-00-00', 'Streamlined'),
(162, 10, 96, '0000-00-00', 'Total'),
(163, 45, 71, '0000-00-00', 'Reactive'),
(164, 17, 37, '0000-00-00', 'workforce'),
(165, 50, 16, '0000-00-00', 'systemic'),
(166, 10, 77, '0000-00-00', 'Adaptive'),
(167, 33, 53, '0000-00-00', 'system engi'),
(168, 42, 4, '0000-00-00', 'global'),
(169, 12, 12, '0000-00-00', 'needs-based'),
(170, 19, 69, '0000-00-00', 'bifurcated'),
(171, 17, 70, '0000-00-00', 'mission-cri'),
(172, 17, 31, '0000-00-00', 'initiative'),
(173, 17, 52, '0000-00-00', 'Face to fac'),
(174, 21, 27, '0000-00-00', 'Progressive'),
(175, 2, 76, '0000-00-00', 'Mandatory'),
(176, 30, 56, '0000-00-00', 'open system'),
(177, 20, 42, '0000-00-00', 'solution-or'),
(178, 5, 23, '0000-00-00', 'capacity'),
(179, 9, 26, '0000-00-00', 'Persevering'),
(180, 12, 37, '0000-00-00', 'local'),
(181, 36, 26, '0000-00-00', 'Decentraliz'),
(182, 20, 4, '0000-00-00', 'Implemented'),
(183, 49, 93, '0000-00-00', 'Synergistic'),
(184, 14, 89, '0000-00-00', 'middleware'),
(185, 10, 31, '0000-00-00', 'Proactive'),
(186, 37, 60, '0000-00-00', 'Optimized'),
(187, 9, 60, '0000-00-00', 'Programmabl'),
(188, 8, 36, '0000-00-00', 'framework'),
(189, 7, 5, '0000-00-00', 'Automated'),
(190, 49, 60, '0000-00-00', 'Organic'),
(191, 11, 92, '0000-00-00', 'holistic'),
(192, 39, 60, '0000-00-00', 'even-keeled'),
(193, 29, 87, '0000-00-00', 'dedicated'),
(194, 22, 96, '0000-00-00', 'Total'),
(195, 10, 62, '0000-00-00', 'Right-sized'),
(196, 30, 92, '0000-00-00', 'bi-directio'),
(197, 45, 35, '0000-00-00', 'core'),
(198, 8, 39, '0000-00-00', 'productivit'),
(199, 14, 17, '0000-00-00', 'Mandatory'),
(200, 5, 81, '0000-00-00', 'middleware'),
(201, 21, 37, '0000-00-00', 'Right-sized'),
(202, 24, 42, '0000-00-00', 'Reactive'),
(203, 14, 73, '0000-00-00', 'tangible'),
(204, 6, 53, '0000-00-00', 'Optimized'),
(205, 6, 0, '0000-00-00', 'hybrid'),
(206, 2, 32, '0000-00-00', 'zero admini'),
(207, 39, 25, '0000-00-00', 'solution'),
(208, 27, 64, '0000-00-00', 'conglomerat'),
(209, 27, 45, '0000-00-00', 'toolset'),
(210, 30, 48, '0000-00-00', 'forecast'),
(211, 28, 87, '0000-00-00', 'local area '),
(212, 44, 31, '0000-00-00', 'firmware'),
(213, 13, 74, '0000-00-00', 'function'),
(214, 47, 48, '0000-00-00', 'concept'),
(215, 50, 19, '0000-00-00', 'Reactive'),
(216, 31, 64, '0000-00-00', 'installatio'),
(217, 7, 10, '0000-00-00', 'flexibility'),
(218, 8, 8, '0000-00-00', 'analyzing'),
(219, 13, 78, '0000-00-00', 'open system'),
(220, 51, 83, '0000-00-00', 'user-facing'),
(221, 37, 83, '0000-00-00', 'forecast'),
(222, 36, 80, '0000-00-00', 'needs-based'),
(223, 8, 61, '0000-00-00', 'Extended'),
(224, 22, 66, '0000-00-00', 'parallelism'),
(225, 46, 52, '0000-00-00', 'Exclusive'),
(226, 29, 49, '0000-00-00', 'empowering'),
(227, 51, 82, '0000-00-00', 'Digitized'),
(228, 19, 19, '0000-00-00', 'Progressive'),
(229, 14, 79, '0000-00-00', 'holistic'),
(230, 47, 98, '0000-00-00', 'challenge'),
(231, 40, 49, '0000-00-00', 'demand-driv'),
(232, 37, 28, '0000-00-00', 'artificial '),
(233, 7, 78, '0000-00-00', 'Business-fo'),
(234, 48, 50, '0000-00-00', 'Versatile'),
(235, 12, 26, '0000-00-00', 'leading edg'),
(236, 39, 43, '0000-00-00', 'attitude-or'),
(237, 7, 86, '0000-00-00', 'Robust'),
(238, 34, 23, '0000-00-00', 'radical'),
(239, 42, 56, '0000-00-00', 'analyzing'),
(240, 40, 54, '0000-00-00', 'dedicated'),
(241, 37, 50, '0000-00-00', 'incremental'),
(242, 35, 52, '0000-00-00', 'standardiza'),
(243, 14, 88, '0000-00-00', 'paradigm'),
(244, 4, 18, '0000-00-00', 'capability'),
(245, 31, 92, '0000-00-00', 'contingency'),
(246, 45, 54, '0000-00-00', 'needs-based'),
(247, 45, 47, '0000-00-00', 'Up-sized'),
(248, 9, 79, '0000-00-00', 'Advanced'),
(249, 39, 71, '0000-00-00', 'local'),
(250, 26, 1, '0000-00-00', 'uniform'),
(251, 43, 38, '0000-00-00', 'non-volatil');

-- --------------------------------------------------------

--
-- Tabelstructuur voor tabel `tbl_users`
--

CREATE TABLE IF NOT EXISTS `tbl_users` (
  `user_id` int(11) NOT NULL AUTO_INCREMENT,
  `username` varchar(255) NOT NULL,
  `password` varchar(255) NOT NULL,
  PRIMARY KEY (`user_id`)
) ENGINE=InnoDB  DEFAULT CHARSET=latin1 AUTO_INCREMENT=5 ;

--
-- Gegevens worden geëxporteerd voor tabel `tbl_users`
--

INSERT INTO `tbl_users` (`user_id`, `username`, `password`) VALUES
(1, 'Admin', 'Barroc-IT'),
(2, 'Sales', 'Barroc-IT'),
(3, 'Finance', 'Barroc-IT'),
(4, 'Development', 'Barroc-IT');

--
-- Beperkingen voor geëxporteerde tabellen
--

--
-- Beperkingen voor tabel `tbl_appointments`
--
ALTER TABLE `tbl_appointments`
  ADD CONSTRAINT `tbl_appointments_ibfk_1` FOREIGN KEY (`project_id`) REFERENCES `tbl_projects` (`project_id`) ON UPDATE CASCADE;

--
-- Beperkingen voor tabel `tbl_invoices`
--
ALTER TABLE `tbl_invoices`
  ADD CONSTRAINT `tbl_invoices_ibfk_1` FOREIGN KEY (`project_id`) REFERENCES `tbl_projects` (`project_id`) ON UPDATE CASCADE;

--
-- Beperkingen voor tabel `tbl_projects`
--
ALTER TABLE `tbl_projects`
  ADD CONSTRAINT `tbl_projects_ibfk_1` FOREIGN KEY (`customer_id`) REFERENCES `tbl_customers` (`customer_id`) ON UPDATE CASCADE;

--
-- Beperkingen voor tabel `tbl_quotations`
--
ALTER TABLE `tbl_quotations`
  ADD CONSTRAINT `tbl_quotations_ibfk_1` FOREIGN KEY (`customer_id`) REFERENCES `tbl_customers` (`customer_id`) ON UPDATE CASCADE;

/*!40101 SET CHARACTER_SET_CLIENT=@OLD_CHARACTER_SET_CLIENT */;
/*!40101 SET CHARACTER_SET_RESULTS=@OLD_CHARACTER_SET_RESULTS */;
/*!40101 SET COLLATION_CONNECTION=@OLD_COLLATION_CONNECTION */;
